currencyCode,tierMinimumUnits,retailPrice,unitPrice,armRegionName,location,effectiveStartDate,meterId,meterName,productId,skuId,productName,skuName,serviceName,serviceId,serviceFamily,unitOfMeasure,type,isPrimaryMeterRegion,armSkuName,reservationTerm
USD,0.0,3.366,3.366,westus2,US West 2,2020-01-13T00:00:00Z,03366ac7-aa90-4adb-a4b7-9aa7ad5b299d,Fsv2 Type2,DZH318Z0C621,DZH318Z0C621/000D,FSv2 Series Dedicated Host,Fsv2 Type2,Virtual Machines,DZH313Z7MMC8,Compute,1 Hour,Consumption,True,Fsv2_Type2,
USD,0.0,17356.0,17356.0,westus2,US West 2,2020-03-01T00:00:00Z,03366ac7-aa90-4adb-a4b7-9aa7ad5b299d,Fsv2 Type2,DZH318Z0C621,DZH318Z0C621/001V,FSv2 Series Dedicated Host,Fsv2 Type2,Virtual Machines,DZH313Z7MMC8,Compute,1 Hour,Reservation,True,Fsv2_Type2,1 Year
USD,0.0,32323.0,32323.0,westus2,US West 2,2020-03-01T00:00:00Z,03366ac7-aa90-4adb-a4b7-9aa7ad5b299d,Fsv2 Type2,DZH318Z0C621,DZH318Z0C621/003M,FSv2 Series Dedicated Host,Fsv2 Type2,Virtual Machines,DZH313Z7MMC8,Compute,1 Hour,Reservation,True,Fsv2_Type2,3 Years
USD,0.0,18055.0,18055.0,westus2,US West 2,2020-06-01T00:00:00Z,039924a3-bb0e-58b7-b141-de2819522634,D32ds v4,DZH318Z0CSHM,DZH318Z0CSHM/00J4,Virtual Machines Ddsv4 Series,D32ds v4,Virtual Machines,DZH313Z7MMC8,Compute,1 Hour,Reservation,True,Standard_D32ds_v4,3 Years
USD,0.0,1.808,1.808,westus2,US West 2,2020-06-01T00:00:00Z,039924a3-bb0e-58b7-b141-de2819522634,D32ds v4,DZH318Z0CSHM,DZH318Z0CSHM/0047,Virtual Machines Ddsv4 Series,D32ds v4,Virtual Machines,DZH313Z7MMC8,Compute,1 Hour,Consumption,True,Standard_D32ds_v4,
USD,0.0,9344.0,9344.0,westus2,US West 2,2020-08-01T00:00:00Z,039924a3-bb0e-58b7-b141-de2819522634,D32ds v4,DZH318Z0CSHM,DZH318Z0CSHM/00J0,Virtual Machines Ddsv4 Series,D32ds v4,Virtual Machines,DZH313Z7MMC8,Compute,1 Hour,Reservation,True,Standard_D32ds_v4,1 Year
USD,0.0,4.608,4.608,westus2,US West 2,2020-06-01T00:00:00Z,0bcc6c58-62d1-50ac-bd91-ac246993ea39,E64-32ds v4,DZH318Z0CSHB,DZH318Z0CSHB/0019,Virtual Machines Edsv4 Series Windows,E64-32ds v4,Virtual Machines,DZH313Z7MMC8,Compute,1 Hour,DevTestConsumption,True,Standard_E64-32ds_v4,
USD,0.0,7.552,7.552,westus2,US West 2,2020-06-01T00:00:00Z,0bcc6c58-62d1-50ac-bd91-ac246993ea39,E64-32ds v4,DZH318Z0CSHB,DZH318Z0CSHB/0019,Virtual Machines Edsv4 Series Windows,E64-32ds v4,Virtual Machines,DZH313Z7MMC8,Compute,1 Hour,Consumption,True,Standard_E64-32ds_v4,
USD,0.0,1751.0,1751.0,westus2,US West 2,2017-12-01T00:00:00Z,0d2ba045-331a-495c-b221-d655e879e546,F8s v2,DZH318Z0BQ4X,DZH318Z0BQ4X/0034,Virtual Machines FSv2 Series,F8s v2,Virtual Machines,DZH313Z7MMC8,Compute,1 Hour,Reservation,True,Standard_F8s_v2,1 Year
USD,0.0,3259.0,3259.0,westus2,US West 2,2017-12-01T00:00:00Z,0d2ba045-331a-495c-b221-d655e879e546,F8s v2,DZH318Z0BQ4X,DZH318Z0BQ4X/0035,Virtual Machines FSv2 Series,F8s v2,Virtual Machines,DZH313Z7MMC8,Compute,1 Hour,Reservation,True,Standard_F8s_v2,3 Years
USD,0.0,0.338,0.338,westus2,US West 2,2020-03-01T00:00:00Z,0d2ba045-331a-495c-b221-d655e879e546,F8s v2,DZH318Z0BQ4X,DZH318Z0BQ4X/004W,Virtual Machines FSv2 Series,F8s v2,Virtual Machines,DZH313Z7MMC8,Compute,1 Hour,Consumption,True,Standard_F8s_v2,
USD,0.0,3.616,3.616,westus2,US West 2,2020-06-01T00:00:00Z,0d7b69bf-fb1b-59fb-9120-3155d1d9ee8c,D64d v4,DZH318Z0D1L6,DZH318Z0D1L6/0038,Virtual Machines Ddv4 Series Windows,D64d v4,Virtual Machines,DZH313Z7MMC8,Compute,1 Hour,DevTestConsumption,True,Standard_D64d_v4,
USD,0.0,6.56,6.56,westus2,US West 2,2020-06-01T00:00:00Z,0d7b69bf-fb1b-59fb-9120-3155d1d9ee8c,D64d v4,DZH318Z0D1L6,DZH318Z0D1L6/0038,Virtual Machines Ddv4 Series Windows,D64d v4,Virtual Machines,DZH313Z7MMC8,Compute,1 Hour,Consumption,True,Standard_D64d_v4,
USD,0.0,23816.0,23816.0,westus2,US West 2,2020-06-01T00:00:00Z,0da48b36-77ee-5d32-b69d-105735f52893,E64-32ds v4,DZH318Z0CSHK,DZH318Z0CSHK/018W,Virtual Machines Edsv4 Series,E64-32ds v4,Virtual Machines,DZH313Z7MMC8,Compute,1 Hour,Reservation,True,Standard_E64-32ds_v4,1 Year
USD,0.0,4.608,4.608,westus2,US West 2,2020-06-01T00:00:00Z,0da48b36-77ee-5d32-b69d-105735f52893,E64-32ds v4,DZH318Z0CSHK,DZH318Z0CSHK/007P,Virtual Machines Edsv4 Series,E64-32ds v4,Virtual Machines,DZH313Z7MMC8,Compute,1 Hour,Consumption,True,Standard_E64-32ds_v4,
USD,0.0,46017.0,46017.0,westus2,US West 2,2020-08-01T00:00:00Z,0da48b36-77ee-5d32-b69d-105735f52893,E64-32ds v4,DZH318Z0CSHK,DZH318Z0CSHK/018F,Virtual Machines Edsv4 Series,E64-32ds v4,Virtual Machines,DZH313Z7MMC8,Compute,1 Hour,Reservation,True,Standard_E64-32ds_v4,3 Years
USD,0.0,9.44,9.44,westus2,US West 2,2020-10-01T00:00:00Z,0f743529-831b-5532-88a8-697df75956cc,E80ids v4,DZH318Z0CSHB,DZH318Z0CSHB/0242,Virtual Machines Edsv4 Series Windows,E80ids v4,Virtual Machines,DZH313Z7MMC8,Compute,1 Hour,Consumption,True,Standard_E80ids_v4,
USD,0.0,5.76,5.76,westus2,US West 2,2020-10-01T00:00:00Z,0f743529-831b-5532-88a8-697df75956cc,E80ids v4,DZH318Z0CSHB,DZH318Z0CSHB/0242,Virtual Machines Edsv4 Series Windows,E80ids v4,Virtual Machines,DZH313Z7MMC8,Compute,1 Hour,DevTestConsumption,True,Standard_E80ids_v4,
USD,0.0,0.82,0.82,westus2,US West 2,2020-06-01T00:00:00Z,112dfc33-6262-5286-a83c-2ac4b6931b15,D8d v4,DZH318Z0D1L6,DZH318Z0D1L6/003Z,Virtual Machines Ddv4 Series Windows,D8d v4,Virtual Machines,DZH313Z7MMC8,Compute,1 Hour,Consumption,True,Standard_D8d_v4,
USD,0.0,0.452,0.452,westus2,US West 2,2020-06-01T00:00:00Z,112dfc33-6262-5286-a83c-2ac4b6931b15,D8d v4,DZH318Z0D1L6,DZH318Z0D1L6/003Z,Virtual Machines Ddv4 Series Windows,D8d v4,Virtual Machines,DZH313Z7MMC8,Compute,1 Hour,DevTestConsumption,True,Standard_D8d_v4,
USD,0.0,23816.0,23816.0,westus2,US West 2,2020-06-01T00:00:00Z,12c669d4-0f9b-54d9-bb9b-54da56dae446,E64ds v4,DZH318Z0CSHK,DZH318Z0CSHK/018C,Virtual Machines Edsv4 Series,E64ds v4,Virtual Machines,DZH313Z7MMC8,Compute,1 Hour,Reservation,True,Standard_E64ds_v4,1 Year
USD,0.0,46017.0,46017.0,westus2,US West 2,2020-08-01T00:00:00Z,12c669d4-0f9b-54d9-bb9b-54da56dae446,E64ds v4,DZH318Z0CSHK,DZH318Z0CSHK/0184,Virtual Machines Edsv4 Series,E64ds v4,Virtual Machines,DZH313Z7MMC8,Compute,1 Hour,Reservation,True,Standard_E64ds_v4,3 Years
USD,0.0,4.608,4.608,westus2,US West 2,2020-06-01T00:00:00Z,12c669d4-0f9b-54d9-bb9b-54da56dae446,E64ds v4,DZH318Z0CSHK,DZH318Z0CSHK/006W,Virtual Machines Edsv4 Series,E64ds v4,Virtual Machines,DZH313Z7MMC8,Compute,1 Hour,Consumption,True,Standard_E64ds_v4,
USD,0.0,5752.0,5752.0,westus2,US West 2,2020-08-01T00:00:00Z,1305bb4e-b156-5280-a121-a32aae8fcd51,E8-4ds v4,DZH318Z0CSHK,DZH318Z0CSHK/01BT,Virtual Machines Edsv4 Series,E8-4ds v4,Virtual Machines,DZH313Z7MMC8,Compute,1 Hour,Reservation,True,Standard_E8-4ds_v4,3 Years
USD,0.0,0.576,0.576,westus2,US West 2,2020-06-01T00:00:00Z,1305bb4e-b156-5280-a121-a32aae8fcd51,E8-4ds v4,DZH318Z0CSHK,DZH318Z0CSHK/00FL,Virtual Machines Edsv4 Series,E8-4ds v4,Virtual Machines,DZH313Z7MMC8,Compute,1 Hour,Consumption,True,Standard_E8-4ds_v4,
USD,0.0,2977.0,2977.0,westus2,US West 2,2020-06-01T00:00:00Z,1305bb4e-b156-5280-a121-a32aae8fcd51,E8-4ds v4,DZH318Z0CSHK,DZH318Z0CSHK/01BV,Virtual Machines Edsv4 Series,E8-4ds v4,Virtual Machines,DZH313Z7MMC8,Compute,1 Hour,Reservation,True,Standard_E8-4ds_v4,1 Year
USD,0.0,0.472,0.472,westus2,US West 2,2020-06-01T00:00:00Z,13598709-6faa-5738-b7be-b6381819a602,E4-2ds v4,DZH318Z0CSHB,DZH318Z0CSHB/004V,Virtual Machines Edsv4 Series Windows,E4-2ds v4,Virtual Machines,DZH313Z7MMC8,Compute,1 Hour,Consumption,True,Standard_E4-2ds_v4,
USD,0.0,0.288,0.288,westus2,US West 2,2020-06-01T00:00:00Z,13598709-6faa-5738-b7be-b6381819a602,E4-2ds v4,DZH318Z0CSHB,DZH318Z0CSHB/004V,Virtual Machines Edsv4 Series Windows,E4-2ds v4,Virtual Machines,DZH313Z7MMC8,Compute,1 Hour,DevTestConsumption,True,Standard_E4-2ds_v4,
USD,0.0,2.03,2.03,westus2,US West 2,2020-03-01T00:00:00Z,1a078cc3-c9e5-4782-aae3-398b9f17ab0f,F48s v2,DZH318Z0BPWJ,DZH318Z0BPWJ/00MF,Virtual Machines FSv2 Series Windows,F48s v2,Virtual Machines,DZH313Z7MMC8,Compute,1 Hour,DevTestConsumption,True,Standard_F48s_v2,
USD,0.0,4.24,4.24,westus2,US West 2,2020-03-01T00:00:00Z,1a078cc3-c9e5-4782-aae3-398b9f17ab0f,F48s v2,DZH318Z0BPWJ,DZH318Z0BPWJ/00MF,Virtual Machines FSv2 Series Windows,F48s v2,Virtual Machines,DZH313Z7MMC8,Compute,1 Hour,Consumption,True,Standard_F48s_v2,
USD,0.0,2.304,2.304,westus2,US West 2,2020-06-01T00:00:00Z,1a9ea649-485e-57da-a138-523289f2519a,E32-16ds v4,DZH318Z0CSHB,DZH318Z0CSHB/000V,Virtual Machines Edsv4 Series Windows,E32-16ds v4,Virtual Machines,DZH313Z7MMC8,Compute,1 Hour,DevTestConsumption,True,Standard_E32-16ds_v4,
USD,0.0,3.776,3.776,westus2,US West 2,2020-06-01T00:00:00Z,1a9ea649-485e-57da-a138-523289f2519a,E32-16ds v4,DZH318Z0CSHB,DZH318Z0CSHB/000V,Virtual Machines Edsv4 Series Windows,E32-16ds v4,Virtual Machines,DZH313Z7MMC8,Compute,1 Hour,Consumption,True,Standard_E32-16ds_v4,
USD,0.0,1629.0,1629.0,westus2,US West 2,2017-12-01T00:00:00Z,1da4b3b5-5c01-4a90-b78a-41418e8869d8,F4s v2,DZH318Z0BQ4X,DZH318Z0BQ4X/0037,Virtual Machines FSv2 Series,F4s v2,Virtual Machines,DZH313Z7MMC8,Compute,1 Hour,Reservation,True,Standard_F4s_v2,3 Years
USD,0.0,0.169,0.169,westus2,US West 2,2020-03-01T00:00:00Z,1da4b3b5-5c01-4a90-b78a-41418e8869d8,F4s v2,DZH318Z0BQ4X,DZH318Z0BQ4X/004S,Virtual Machines FSv2 Series,F4s v2,Virtual Machines,DZH313Z7MMC8,Compute,1 Hour,Consumption,True,Standard_F4s_v2,
USD,0.0,876.0,876.0,westus2,US West 2,2017-12-01T00:00:00Z,1da4b3b5-5c01-4a90-b78a-41418e8869d8,F4s v2,DZH318Z0BQ4X,DZH318Z0BQ4X/0036,Virtual Machines FSv2 Series,F4s v2,Virtual Machines,DZH313Z7MMC8,Compute,1 Hour,Reservation,True,Standard_F4s_v2,1 Year
USD,0.0,0.452,0.452,westus2,US West 2,2020-06-01T00:00:00Z,1dc731ac-bda7-5aaf-8512-309c7b3178fe,D8d v4,DZH318Z0D1L2,DZH318Z0D1L2/00BH,Virtual Machines Ddv4 Series,D8d v4,Virtual Machines,DZH313Z7MMC8,Compute,1 Hour,Consumption,True,Standard_D8d_v4,
USD,0.0,4514.0,4514.0,westus2,US West 2,2020-06-01T00:00:00Z,1dc731ac-bda7-5aaf-8512-309c7b3178fe,D8d v4,DZH318Z0D1L2,DZH318Z0D1L2/008V,Virtual Machines Ddv4 Series,D8d v4,Virtual Machines,DZH313Z7MMC8,Compute,1 Hour,Reservation,True,Standard_D8d_v4,3 Years
USD,0.0,2336.0,2336.0,westus2,US West 2,2020-08-01T00:00:00Z,1dc731ac-bda7-5aaf-8512-309c7b3178fe,D8d v4,DZH318Z0D1L2,DZH318Z0D1L2/009B,Virtual Machines Ddv4 Series,D8d v4,Virtual Machines,DZH313Z7MMC8,Compute,1 Hour,Reservation,True,Standard_D8d_v4,1 Year
USD,0.0,4.608,4.608,westus2,US West 2,2020-06-01T00:00:00Z,21ae4cec-0fc9-5be9-b6cb-487d358bf68b,E64ds v4,DZH318Z0CSHB,DZH318Z0CSHB/000H,Virtual Machines Edsv4 Series Windows,E64ds v4,Virtual Machines,DZH313Z7MMC8,Compute,1 Hour,DevTestConsumption,True,Standard_E64ds_v4,
USD,0.0,7.552,7.552,westus2,US West 2,2020-06-01T00:00:00Z,21ae4cec-0fc9-5be9-b6cb-487d358bf68b,E64ds v4,DZH318Z0CSHB,DZH318Z0CSHB/000H,Virtual Machines Edsv4 Series Windows,E64ds v4,Virtual Machines,DZH313Z7MMC8,Compute,1 Hour,Consumption,True,Standard_E64ds_v4,
USD,0.0,0.236,0.236,westus2,US West 2,2020-06-01T00:00:00Z,2478060d-a3c2-50b6-894c-c67d42daedcb,E2d v4,DZH318Z0D1LH,DZH318Z0D1LH/0046,Virtual Machines Edv4 Series Windows,E2d v4,Virtual Machines,DZH313Z7MMC8,Compute,1 Hour,Consumption,True,Standard_E2d_v4,
USD,0.0,0.144,0.144,westus2,US West 2,2020-06-01T00:00:00Z,2478060d-a3c2-50b6-894c-c67d42daedcb,E2d v4,DZH318Z0D1LH,DZH318Z0D1LH/0046,Virtual Machines Edv4 Series Windows,E2d v4,Virtual Machines,DZH313Z7MMC8,Compute,1 Hour,DevTestConsumption,True,Standard_E2d_v4,
USD,0.0,1.888,1.888,westus2,US West 2,2020-06-01T00:00:00Z,261abd3d-d5bc-5a31-ad94-ea54a20a2560,E16-4ds v4,DZH318Z0CSHB,DZH318Z0CSHB/0041,Virtual Machines Edsv4 Series Windows,E16-4ds v4,Virtual Machines,DZH313Z7MMC8,Compute,1 Hour,Consumption,True,Standard_E16-4ds_v4,
USD,0.0,1.152,1.152,westus2,US West 2,2020-06-01T00:00:00Z,261abd3d-d5bc-5a31-ad94-ea54a20a2560,E16-4ds v4,DZH318Z0CSHB,DZH318Z0CSHB/0041,Virtual Machines Edsv4 Series Windows,E16-4ds v4,Virtual Machines,DZH313Z7MMC8,Compute,1 Hour,DevTestConsumption,True,Standard_E16-4ds_v4,
USD,0.0,6518.0,6518.0,westus2,US West 2,2017-12-01T00:00:00Z,26687b1f-5879-4a8e-9895-81352182af17,F16s v2,DZH318Z0BQ4X,DZH318Z0BQ4X/003F,Virtual Machines FSv2 Series,F16s v2,Virtual Machines,DZH313Z7MMC8,Compute,1 Hour,Reservation,True,Standard_F16s_v2,3 Years
USD,0.0,3503.0,3503.0,westus2,US West 2,2017-12-01T00:00:00Z,26687b1f-5879-4a8e-9895-81352182af17,F16s v2,DZH318Z0BQ4X,DZH318Z0BQ4X/003D,Virtual Machines FSv2 Series,F16s v2,Virtual Machines,DZH313Z7MMC8,Compute,1 Hour,Reservation,True,Standard_F16s_v2,1 Year
USD,0.0,0.677,0.677,westus2,US West 2,2020-03-01T00:00:00Z,26687b1f-5879-4a8e-9895-81352182af17,F16s v2,DZH318Z0BQ4X,DZH318Z0BQ4X/004Q,Virtual Machines FSv2 Series,F16s v2,Virtual Machines,DZH313Z7MMC8,Compute,1 Hour,Consumption,True,Standard_F16s_v2,
USD,0.0,744.0,744.0,westus2,US West 2,2020-06-01T00:00:00Z,296d8dee-ea5f-5e01-9adc-4e04c1add508,E2d v4,DZH318Z0D1L5,DZH318Z0D1L5/0068,Virtual Machines Edv4 Series,E2d v4,Virtual Machines,DZH313Z7MMC8,Compute,1 Hour,Reservation,True,Standard_E2d_v4,1 Year
USD,0.0,1438.0,1438.0,westus2,US West 2,2020-08-01T00:00:00Z,296d8dee-ea5f-5e01-9adc-4e04c1add508,E2d v4,DZH318Z0D1L5,DZH318Z0D1L5/006H,Virtual Machines Edv4 Series,E2d v4,Virtual Machines,DZH313Z7MMC8,Compute,1 Hour,Reservation,True,Standard_E2d_v4,3 Years
USD,0.0,0.144,0.144,westus2,US West 2,2020-06-01T00:00:00Z,296d8dee-ea5f-5e01-9adc-4e04c1add508,E2d v4,DZH318Z0D1L5,DZH318Z0D1L5/006B,Virtual Machines Edv4 Series,E2d v4,Virtual Machines,DZH313Z7MMC8,Compute,1 Hour,Consumption,True,Standard_E2d_v4,
USD,0.0,2.304,2.304,westus2,US West 2,2020-06-01T00:00:00Z,2ccd8820-27c4-5605-9a95-904b348ec3f3,E32ds v4,DZH318Z0CSHB,DZH318Z0CSHB/001N,Virtual Machines Edsv4 Series Windows,E32ds v4,Virtual Machines,DZH313Z7MMC8,Compute,1 Hour,DevTestConsumption,True,Standard_E32ds_v4,
USD,0.0,3.776,3.776,westus2,US West 2,2020-06-01T00:00:00Z,2ccd8820-27c4-5605-9a95-904b348ec3f3,E32ds v4,DZH318Z0CSHB,DZH318Z0CSHB/001N,Virtual Machines Edsv4 Series Windows,E32ds v4,Virtual Machines,DZH313Z7MMC8,Compute,1 Hour,Consumption,True,Standard_E32ds_v4,
USD,0.0,2.712,2.712,westus2,US West 2,2020-06-01T00:00:00Z,308a88de-e588-5867-87a1-ca9887c6a552,D48ds v4,DZH318Z0CSHH,DZH318Z0CSHH/0021,Virtual Machines Ddsv4 Series Windows,D48ds v4,Virtual Machines,DZH313Z7MMC8,Compute,1 Hour,DevTestConsumption,True,Standard_D48ds_v4,
USD,0.0,4.92,4.92,westus2,US West 2,2020-06-01T00:00:00Z,308a88de-e588-5867-87a1-ca9887c6a552,D48ds v4,DZH318Z0CSHH,DZH318Z0CSHH/0021,Virtual Machines Ddsv4 Series Windows,D48ds v4,Virtual Machines,DZH313Z7MMC8,Compute,1 Hour,Consumption,True,Standard_D48ds_v4,
USD,0.0,0.452,0.452,westus2,US West 2,2020-06-01T00:00:00Z,3505ca67-37fd-506a-9948-5953da943db6,D8ds v4,DZH318Z0CSHH,DZH318Z0CSHH/0044,Virtual Machines Ddsv4 Series Windows,D8ds v4,Virtual Machines,DZH313Z7MMC8,Compute,1 Hour,DevTestConsumption,True,Standard_D8ds_v4,
USD,0.0,0.82,0.82,westus2,US West 2,2020-06-01T00:00:00Z,3505ca67-37fd-506a-9948-5953da943db6,D8ds v4,DZH318Z0CSHH,DZH318Z0CSHH/0044,Virtual Machines Ddsv4 Series Windows,D8ds v4,Virtual Machines,DZH313Z7MMC8,Compute,1 Hour,Consumption,True,Standard_D8ds_v4,
USD,0.0,5752.0,5752.0,westus2,US West 2,2020-08-01T00:00:00Z,35219737-0e30-50e0-9e50-e24b940d524f,E8d v4,DZH318Z0D1L5,DZH318Z0D1L5/0056,Virtual Machines Edv4 Series,E8d v4,Virtual Machines,DZH313Z7MMC8,Compute,1 Hour,Reservation,True,Standard_E8d_v4,3 Years
USD,0.0,0.576,0.576,westus2,US West 2,2020-06-01T00:00:00Z,35219737-0e30-50e0-9e50-e24b940d524f,E8d v4,DZH318Z0D1L5,DZH318Z0D1L5/0067,Virtual Machines Edv4 Series,E8d v4,Virtual Machines,DZH313Z7MMC8,Compute,1 Hour,Consumption,True,Standard_E8d_v4,
USD,0.0,2977.0,2977.0,westus2,US West 2,2020-06-01T00:00:00Z,35219737-0e30-50e0-9e50-e24b940d524f,E8d v4,DZH318Z0D1L5,DZH318Z0D1L5/005V,Virtual Machines Edv4 Series,E8d v4,Virtual Machines,DZH313Z7MMC8,Compute,1 Hour,Reservation,True,Standard_E8d_v4,1 Year
USD,0.0,7442.0,7442.0,westus2,US West 2,2020-06-01T00:00:00Z,363aa611-1658-5e6a-b07f-1b704aa1c9cc,E20d v4,DZH318Z0D1L5,DZH318Z0D1L5/005T,Virtual Machines Edv4 Series,E20d v4,Virtual Machines,DZH313Z7MMC8,Compute,1 Hour,Reservation,True,Standard_E20d_v4,1 Year
USD,0.0,14380.0,14380.0,westus2,US West 2,2020-08-01T00:00:00Z,363aa611-1658-5e6a-b07f-1b704aa1c9cc,E20d v4,DZH318Z0D1L5,DZH318Z0D1L5/005Q,Virtual Machines Edv4 Series,E20d v4,Virtual Machines,DZH313Z7MMC8,Compute,1 Hour,Reservation,True,Standard_E20d_v4,3 Years
USD,0.0,1.44,1.44,westus2,US West 2,2020-06-01T00:00:00Z,363aa611-1658-5e6a-b07f-1b704aa1c9cc,E20d v4,DZH318Z0D1L5,DZH318Z0D1L5/005K,Virtual Machines Edv4 Series,E20d v4,Virtual Machines,DZH313Z7MMC8,Compute,1 Hour,Consumption,True,Standard_E20d_v4,
USD,0.0,7.552,7.552,westus2,US West 2,2020-06-01T00:00:00Z,374c160d-b086-55b6-9fa7-1f919077c83f,E64-16ds v4,DZH318Z0CSHB,DZH318Z0CSHB/000M,Virtual Machines Edsv4 Series Windows,E64-16ds v4,Virtual Machines,DZH313Z7MMC8,Compute,1 Hour,Consumption,True,Standard_E64-16ds_v4,
USD,0.0,4.608,4.608,westus2,US West 2,2020-06-01T00:00:00Z,374c160d-b086-55b6-9fa7-1f919077c83f,E64-16ds v4,DZH318Z0CSHB,DZH318Z0CSHB/000M,Virtual Machines Edsv4 Series Windows,E64-16ds v4,Virtual Machines,DZH313Z7MMC8,Compute,1 Hour,DevTestConsumption,True,Standard_E64-16ds_v4,
USD,0.0,5954.0,5954.0,westus2,US West 2,2020-06-01T00:00:00Z,377ea7a0-a284-5d70-a00d-8c49f136dad1,E16-4ds v4,DZH318Z0CSHK,DZH318Z0CSHK/01B2,Virtual Machines Edsv4 Series,E16-4ds v4,Virtual Machines,DZH313Z7MMC8,Compute,1 Hour,Reservation,True,Standard_E16-4ds_v4,1 Year
USD,0.0,11504.0,11504.0,westus2,US West 2,2020-08-01T00:00:00Z,377ea7a0-a284-5d70-a00d-8c49f136dad1,E16-4ds v4,DZH318Z0CSHK,DZH318Z0CSHK/01B3,Virtual Machines Edsv4 Series,E16-4ds v4,Virtual Machines,DZH313Z7MMC8,Compute,1 Hour,Reservation,True,Standard_E16-4ds_v4,3 Years
USD,0.0,1.152,1.152,westus2,US West 2,2020-06-01T00:00:00Z,377ea7a0-a284-5d70-a00d-8c49f136dad1,E16-4ds v4,DZH318Z0CSHK,DZH318Z0CSHK/00DB,Virtual Machines Edsv4 Series,E16-4ds v4,Virtual Machines,DZH313Z7MMC8,Compute,1 Hour,Consumption,True,Standard_E16-4ds_v4,
USD,0.0,36111.0,36111.0,westus2,US West 2,2020-06-01T00:00:00Z,3923428f-e7fe-5dea-9a01-6aa4ba3fff6a,D64d v4,DZH318Z0D1L2,DZH318Z0D1L2/008Q,Virtual Machines Ddv4 Series,D64d v4,Virtual Machines,DZH313Z7MMC8,Compute,1 Hour,Reservation,True,Standard_D64d_v4,3 Years
USD,0.0,3.616,3.616,westus2,US West 2,2020-06-01T00:00:00Z,3923428f-e7fe-5dea-9a01-6aa4ba3fff6a,D64d v4,DZH318Z0D1L2,DZH318Z0D1L2/00BG,Virtual Machines Ddv4 Series,D64d v4,Virtual Machines,DZH313Z7MMC8,Compute,1 Hour,Consumption,True,Standard_D64d_v4,
USD,0.0,18689.0,18689.0,westus2,US West 2,2020-08-01T00:00:00Z,3923428f-e7fe-5dea-9a01-6aa4ba3fff6a,D64d v4,DZH318Z0D1L2,DZH318Z0D1L2/00B0,Virtual Machines Ddv4 Series,D64d v4,Virtual Machines,DZH313Z7MMC8,Compute,1 Hour,Reservation,True,Standard_D64d_v4,1 Year
USD,0.0,5.664,5.664,westus2,US West 2,2020-06-01T00:00:00Z,3ac5c31a-2681-5e8d-b301-5aabe089907a,E48ds v4,DZH318Z0CSHB,DZH318Z0CSHB/001G,Virtual Machines Edsv4 Series Windows,E48ds v4,Virtual Machines,DZH313Z7MMC8,Compute,1 Hour,Consumption,True,Standard_E48ds_v4,
USD,0.0,3.456,3.456,westus2,US West 2,2020-06-01T00:00:00Z,3ac5c31a-2681-5e8d-b301-5aabe089907a,E48ds v4,DZH318Z0CSHB,DZH318Z0CSHB/001G,Virtual Machines Edsv4 Series Windows,E48ds v4,Virtual Machines,DZH313Z7MMC8,Compute,1 Hour,DevTestConsumption,True,Standard_E48ds_v4,
USD,0.0,2.712,2.712,westus2,US West 2,2020-06-01T00:00:00Z,3b3ac6e6-4fc5-5abc-8611-262183a522e4,D48d v4,DZH318Z0D1L6,DZH318Z0D1L6/003G,Virtual Machines Ddv4 Series Windows,D48d v4,Virtual Machines,DZH313Z7MMC8,Compute,1 Hour,DevTestConsumption,True,Standard_D48d_v4,
USD,0.0,4.92,4.92,westus2,US West 2,2020-06-01T00:00:00Z,3b3ac6e6-4fc5-5abc-8611-262183a522e4,D48d v4,DZH318Z0D1L6,DZH318Z0D1L6/003G,Virtual Machines Ddv4 Series Windows,D48d v4,Virtual Machines,DZH313Z7MMC8,Compute,1 Hour,Consumption,True,Standard_D48d_v4,
USD,0.0,14380.0,14380.0,westus2,US West 2,2020-08-01T00:00:00Z,3e693e82-54d5-5d4b-a373-83218b5742fd,E20ds v4,DZH318Z0CSHK,DZH318Z0CSHK/0199,Virtual Machines Edsv4 Series,E20ds v4,Virtual Machines,DZH313Z7MMC8,Compute,1 Hour,Reservation,True,Standard_E20ds_v4,3 Years
USD,0.0,1.44,1.44,westus2,US West 2,2020-06-01T00:00:00Z,3e693e82-54d5-5d4b-a373-83218b5742fd,E20ds v4,DZH318Z0CSHK,DZH318Z0CSHK/00BK,Virtual Machines Edsv4 Series,E20ds v4,Virtual Machines,DZH313Z7MMC8,Compute,1 Hour,Consumption,True,Standard_E20ds_v4,
USD,0.0,7442.0,7442.0,westus2,US West 2,2020-06-01T00:00:00Z,3e693e82-54d5-5d4b-a373-83218b5742fd,E20ds v4,DZH318Z0CSHK,DZH318Z0CSHK/0198,Virtual Machines Edsv4 Series,E20ds v4,Virtual Machines,DZH313Z7MMC8,Compute,1 Hour,Reservation,True,Standard_E20ds_v4,1 Year
USD,0.0,2.304,2.304,westus2,US West 2,2020-06-01T00:00:00Z,3f939deb-2f2f-59e3-add8-76029adbc35e,E32d v4,DZH318Z0D1LH,DZH318Z0D1LH/003K,Virtual Machines Edv4 Series Windows,E32d v4,Virtual Machines,DZH313Z7MMC8,Compute,1 Hour,DevTestConsumption,True,Standard_E32d_v4,
USD,0.0,3.776,3.776,westus2,US West 2,2020-06-01T00:00:00Z,3f939deb-2f2f-59e3-add8-76029adbc35e,E32d v4,DZH318Z0D1LH,DZH318Z0D1LH/003K,Virtual Machines Edv4 Series Windows,E32d v4,Virtual Machines,DZH313Z7MMC8,Compute,1 Hour,Consumption,True,Standard_E32d_v4,
USD,0.0,0.236,0.236,westus2,US West 2,2020-06-01T00:00:00Z,476f4566-af01-57fc-96f0-9ecaf913ca52,E2ds v4,DZH318Z0CSHB,DZH318Z0CSHB/005Q,Virtual Machines Edsv4 Series Windows,E2ds v4,Virtual Machines,DZH313Z7MMC8,Compute,1 Hour,Consumption,True,Standard_E2ds_v4,
USD,0.0,0.144,0.144,westus2,US West 2,2020-06-01T00:00:00Z,476f4566-af01-57fc-96f0-9ecaf913ca52,E2ds v4,DZH318Z0CSHB,DZH318Z0CSHB/005Q,Virtual Machines Edsv4 Series Windows,E2ds v4,Virtual Machines,DZH313Z7MMC8,Compute,1 Hour,DevTestConsumption,True,Standard_E2ds_v4,
USD,0.0,23009.0,23009.0,westus2,US West 2,2020-08-01T00:00:00Z,4d848ad7-5e37-5d5c-b05e-589771f5452e,E32d v4,DZH318Z0D1L5,DZH318Z0D1L5/0058,Virtual Machines Edv4 Series,E32d v4,Virtual Machines,DZH313Z7MMC8,Compute,1 Hour,Reservation,True,Standard_E32d_v4,3 Years
USD,0.0,2.304,2.304,westus2,US West 2,2020-06-01T00:00:00Z,4d848ad7-5e37-5d5c-b05e-589771f5452e,E32d v4,DZH318Z0D1L5,DZH318Z0D1L5/005B,Virtual Machines Edv4 Series,E32d v4,Virtual Machines,DZH313Z7MMC8,Compute,1 Hour,Consumption,True,Standard_E32d_v4,
USD,0.0,11908.0,11908.0,westus2,US West 2,2020-06-01T00:00:00Z,4d848ad7-5e37-5d5c-b05e-589771f5452e,E32d v4,DZH318Z0D1L5,DZH318Z0D1L5/0059,Virtual Machines Edv4 Series,E32d v4,Virtual Machines,DZH313Z7MMC8,Compute,1 Hour,Reservation,True,Standard_E32d_v4,1 Year
USD,0.0,5.86,5.86,westus2,US West 2,2020-03-01T00:00:00Z,51e426c6-7ad7-4f57-96a7-9cd8c720c44b,F72s v2,DZH318Z0BPWJ,DZH318Z0BPWJ/0001,Virtual Machines FSv2 Series Windows,F72s v2,Virtual Machines,DZH313Z7MMC8,Compute,1 Hour,Consumption,True,Standard_F72s_v2,
USD,0.0,3.045,3.045,westus2,US West 2,2020-03-01T00:00:00Z,51e426c6-7ad7-4f57-96a7-9cd8c720c44b,F72s v2,DZH318Z0BPWJ,DZH318Z0BPWJ/0001,Virtual Machines FSv2 Series Windows,F72s v2,Virtual Machines,DZH313Z7MMC8,Compute,1 Hour,DevTestConsumption,True,Standard_F72s_v2,
USD,0.0,0.144,0.144,westus2,US West 2,2020-06-01T00:00:00Z,558db85f-451b-5b41-bc86-e9cfa25091a5,E2ds v4,DZH318Z0CSHK,DZH318Z0CSHK/00HZ,Virtual Machines Edsv4 Series,E2ds v4,Virtual Machines,DZH313Z7MMC8,Compute,1 Hour,Consumption,True,Standard_E2ds_v4,
USD,0.0,1438.0,1438.0,westus2,US West 2,2020-08-01T00:00:00Z,558db85f-451b-5b41-bc86-e9cfa25091a5,E2ds v4,DZH318Z0CSHK,DZH318Z0CSHK/01CF,Virtual Machines Edsv4 Series,E2ds v4,Virtual Machines,DZH313Z7MMC8,Compute,1 Hour,Reservation,True,Standard_E2ds_v4,3 Years
USD,0.0,744.0,744.0,westus2,US West 2,2020-06-01T00:00:00Z,558db85f-451b-5b41-bc86-e9cfa25091a5,E2ds v4,DZH318Z0CSHK,DZH318Z0CSHK/01CD,Virtual Machines Edsv4 Series,E2ds v4,Virtual Machines,DZH313Z7MMC8,Compute,1 Hour,Reservation,True,Standard_E2ds_v4,1 Year
USD,0.0,0.944,0.944,westus2,US West 2,2020-06-01T00:00:00Z,55c3f72d-4c0f-5ff8-a106-004b63abb1d1,E8ds v4,DZH318Z0CSHB,DZH318Z0CSHB/0061,Virtual Machines Edsv4 Series Windows,E8ds v4,Virtual Machines,DZH313Z7MMC8,Compute,1 Hour,Consumption,True,Standard_E8ds_v4,
USD,0.0,0.576,0.576,westus2,US West 2,2020-06-01T00:00:00Z,55c3f72d-4c0f-5ff8-a106-004b63abb1d1,E8ds v4,DZH318Z0CSHB,DZH318Z0CSHB/0061,Virtual Machines Edsv4 Series Windows,E8ds v4,Virtual Machines,DZH313Z7MMC8,Compute,1 Hour,DevTestConsumption,True,Standard_E8ds_v4,
USD,0.0,0.944,0.944,westus2,US West 2,2020-06-01T00:00:00Z,5a987852-0ca3-549d-9825-1a1c30bf832d,E8-4ds v4,DZH318Z0CSHB,DZH318Z0CSHB/006B,Virtual Machines Edsv4 Series Windows,E8-4ds v4,Virtual Machines,DZH313Z7MMC8,Compute,1 Hour,Consumption,True,Standard_E8-4ds_v4,
USD,0.0,0.576,0.576,westus2,US West 2,2020-06-01T00:00:00Z,5a987852-0ca3-549d-9825-1a1c30bf832d,E8-4ds v4,DZH318Z0CSHB,DZH318Z0CSHB/006B,Virtual Machines Edsv4 Series Windows,E8-4ds v4,Virtual Machines,DZH313Z7MMC8,Compute,1 Hour,DevTestConsumption,True,Standard_E8-4ds_v4,
USD,0.0,1.64,1.64,westus2,US West 2,2020-06-01T00:00:00Z,5c7bc7f1-e7a0-506e-a338-c935d2df6f35,D16d v4,DZH318Z0D1L6,DZH318Z0D1L6/003F,Virtual Machines Ddv4 Series Windows,D16d v4,Virtual Machines,DZH313Z7MMC8,Compute,1 Hour,Consumption,True,Standard_D16d_v4,
USD,0.0,0.904,0.904,westus2,US West 2,2020-06-01T00:00:00Z,5c7bc7f1-e7a0-506e-a338-c935d2df6f35,D16d v4,DZH318Z0D1L6,DZH318Z0D1L6/003F,Virtual Machines Ddv4 Series Windows,D16d v4,Virtual Machines,DZH313Z7MMC8,Compute,1 Hour,DevTestConsumption,True,Standard_D16d_v4,
USD,0.0,4.608,4.608,westus2,US West 2,2020-06-01T00:00:00Z,6597fdb1-b743-5119-a4eb-233a35bab0dc,E64d v4,DZH318Z0D1L5,DZH318Z0D1L5/005G,Virtual Machines Edv4 Series,E64d v4,Virtual Machines,DZH313Z7MMC8,Compute,1 Hour,Consumption,True,Standard_E64d_v4,
USD,0.0,46017.0,46017.0,westus2,US West 2,2020-08-01T00:00:00Z,6597fdb1-b743-5119-a4eb-233a35bab0dc,E64d v4,DZH318Z0D1L5,DZH318Z0D1L5/005H,Virtual Machines Edv4 Series,E64d v4,Virtual Machines,DZH313Z7MMC8,Compute,1 Hour,Reservation,True,Standard_E64d_v4,3 Years
USD,0.0,23816.0,23816.0,westus2,US West 2,2020-06-01T00:00:00Z,6597fdb1-b743-5119-a4eb-233a35bab0dc,E64d v4,DZH318Z0D1L5,DZH318Z0D1L5/005J,Virtual Machines Edv4 Series,E64d v4,Virtual Machines,DZH313Z7MMC8,Compute,1 Hour,Reservation,True,Standard_E64d_v4,1 Year
USD,0.0,4.972,4.972,westus2,US West 2,2020-07-01T00:00:00Z,676e3ab8-9a98-5094-8e83-94072633e116,Ddsv4 Type 1,DZH318Z0DFW0,DZH318Z0DFW0/0012,Ddsv4 Series Dedicated Host,Ddsv4 Type 1,Virtual Machines,DZH313Z7MMC8,Compute,1 Hour,Consumption,True,Ddsv4_Type 1,
USD,0.0,49652.0,49652.0,westus2,US West 2,2020-07-01T00:00:00Z,676e3ab8-9a98-5094-8e83-94072633e116,Ddsv4 Type 1,DZH318Z0DFW0,DZH318Z0DFW0/000Q,Ddsv4 Series Dedicated Host,Ddsv4 Type 1,Virtual Machines,DZH313Z7MMC8,Compute,1 Hour,Reservation,True,Ddsv4_Type 1,3 Years
USD,0.0,25697.0,25697.0,westus2,US West 2,2020-07-01T00:00:00Z,676e3ab8-9a98-5094-8e83-94072633e116,Ddsv4 Type 1,DZH318Z0DFW0,DZH318Z0DFW0/000X,Ddsv4 Series Dedicated Host,Ddsv4 Type 1,Virtual Machines,DZH313Z7MMC8,Compute,1 Hour,Reservation,True,Ddsv4_Type 1,1 Year
USD,0.0,4.276,4.276,westus2,US West 2,2020-10-01T00:00:00Z,680877bb-a454-56de-9e97-4cbdcd98b58b,Fsv2 Type3,DZH318Z0C621,DZH318Z0C621/005X,FSv2 Series Dedicated Host,Fsv2 Type3,Virtual Machines,DZH313Z7MMC8,Compute,1 Hour,Consumption,True,Fsv2 Type3,
USD,0.0,22099.0,22099.0,westus2,US West 2,2020-10-01T00:00:00Z,680877bb-a454-56de-9e97-4cbdcd98b58b,Fsv2 Type3,DZH318Z0C621,DZH318Z0C621/005R,FSv2 Series Dedicated Host,Fsv2 Type3,Virtual Machines,DZH313Z7MMC8,Compute,1 Hour,Reservation,True,Fsv2 Type3,1 Year
USD,0.0,41575.0,41575.0,westus2,US West 2,2020-10-01T00:00:00Z,680877bb-a454-56de-9e97-4cbdcd98b58b,Fsv2 Type3,DZH318Z0C621,DZH318Z0C621/005H,FSv2 Series Dedicated Host,Fsv2 Type3,Virtual Machines,DZH313Z7MMC8,Compute,1 Hour,Reservation,True,Fsv2 Type3,3 Years
USD,0.0,5.76,5.76,westus2,US West 2,2020-10-01T00:00:00Z,6c13a2b1-95c0-59d7-b259-5ab74cecb806,E80ids v4,DZH318Z0CSHK,DZH318Z0CSHK/03JV,Virtual Machines Edsv4 Series,E80ids v4,Virtual Machines,DZH313Z7MMC8,Compute,1 Hour,Consumption,True,Standard_E80ids_v4,
USD,0.0,29770.0,29770.0,westus2,US West 2,2020-10-01T00:00:00Z,6c13a2b1-95c0-59d7-b259-5ab74cecb806,E80ids v4,DZH318Z0CSHK,DZH318Z0CSHK/03JT,Virtual Machines Edsv4 Series,E80ids v4,Virtual Machines,DZH313Z7MMC8,Compute,1 Hour,Reservation,True,Standard_E80ids_v4,1 Year
USD,0.0,57522.0,57522.0,westus2,US West 2,2020-10-01T00:00:00Z,6c13a2b1-95c0-59d7-b259-5ab74cecb806,E80ids v4,DZH318Z0CSHK,DZH318Z0CSHK/03JR,Virtual Machines Edsv4 Series,E80ids v4,Virtual Machines,DZH313Z7MMC8,Compute,1 Hour,Reservation,True,Standard_E80ids_v4,3 Years
USD,0.0,14017.0,14017.0,westus2,US West 2,2020-08-01T00:00:00Z,723ad3a6-b2d1-5d13-9017-e81e2a5012d4,D48ds v4,DZH318Z0CSHM,DZH318Z0CSHM/00J1,Virtual Machines Ddsv4 Series,D48ds v4,Virtual Machines,DZH313Z7MMC8,Compute,1 Hour,Reservation,True,Standard_D48ds_v4,1 Year
USD,0.0,2.712,2.712,westus2,US West 2,2020-06-01T00:00:00Z,723ad3a6-b2d1-5d13-9017-e81e2a5012d4,D48ds v4,DZH318Z0CSHM,DZH318Z0CSHM/003D,Virtual Machines Ddsv4 Series,D48ds v4,Virtual Machines,DZH313Z7MMC8,Compute,1 Hour,Consumption,True,Standard_D48ds_v4,
USD,0.0,27083.0,27083.0,westus2,US West 2,2020-06-01T00:00:00Z,723ad3a6-b2d1-5d13-9017-e81e2a5012d4,D48ds v4,DZH318Z0CSHM,DZH318Z0CSHM/00J2,Virtual Machines Ddsv4 Series,D48ds v4,Virtual Machines,DZH313Z7MMC8,Compute,1 Hour,Reservation,True,Standard_D48ds_v4,3 Years
USD,0.0,5.069,5.069,westus2,US West 2,2020-07-01T00:00:00Z,746a0932-1764-556f-8ffd-a52a7f14e91e,Edsv4 Type 1,DZH318Z0DFVZ,DZH318Z0DFVZ/000V,Edsv4 Series Dedicated Host,Edsv4 Type 1,Virtual Machines,DZH313Z7MMC8,Compute,1 Hour,Consumption,True,Edsv4_Type 1,
USD,0.0,26198.0,26198.0,westus2,US West 2,2020-07-01T00:00:00Z,746a0932-1764-556f-8ffd-a52a7f14e91e,Edsv4 Type 1,DZH318Z0DFVZ,DZH318Z0DFVZ/0010,Edsv4 Series Dedicated Host,Edsv4 Type 1,Virtual Machines,DZH313Z7MMC8,Compute,1 Hour,Reservation,True,Edsv4_Type 1,1 Year
USD,0.0,50619.0,50619.0,westus2,US West 2,2020-07-01T00:00:00Z,746a0932-1764-556f-8ffd-a52a7f14e91e,Edsv4 Type 1,DZH318Z0DFVZ,DZH318Z0DFVZ/000N,Edsv4 Series Dedicated Host,Edsv4 Type 1,Virtual Machines,DZH313Z7MMC8,Compute,1 Hour,Reservation,True,Edsv4_Type 1,3 Years
USD,0.0,0.169,0.169,westus2,US West 2,2020-03-01T00:00:00Z,749a7905-5144-4383-937c-2eb82ef4ffab,F4s v2,DZH318Z0BPWJ,DZH318Z0BPWJ/0009,Virtual Machines FSv2 Series Windows,F4s v2,Virtual Machines,DZH313Z7MMC8,Compute,1 Hour,DevTestConsumption,True,Standard_F4s_v2,
USD,0.0,0.326,0.326,westus2,US West 2,2020-03-01T00:00:00Z,749a7905-5144-4383-937c-2eb82ef4ffab,F4s v2,DZH318Z0BPWJ,DZH318Z0BPWJ/0009,Virtual Machines FSv2 Series Windows,F4s v2,Virtual Machines,DZH313Z7MMC8,Compute,1 Hour,Consumption,True,Standard_F4s_v2,
USD,0.0,0.944,0.944,westus2,US West 2,2020-06-01T00:00:00Z,7542c205-9591-5c9e-b328-a1029d51c00f,E8-2ds v4,DZH318Z0CSHB,DZH318Z0CSHB/0066,Virtual Machines Edsv4 Series Windows,E8-2ds v4,Virtual Machines,DZH313Z7MMC8,Compute,1 Hour,Consumption,True,Standard_E8-2ds_v4,
USD,0.0,0.576,0.576,westus2,US West 2,2020-06-01T00:00:00Z,7542c205-9591-5c9e-b328-a1029d51c00f,E8-2ds v4,DZH318Z0CSHB,DZH318Z0CSHB/0066,Virtual Machines Edsv4 Series Windows,E8-2ds v4,Virtual Machines,DZH313Z7MMC8,Compute,1 Hour,DevTestConsumption,True,Standard_E8-2ds_v4,
USD,0.0,23816.0,23816.0,westus2,US West 2,2020-06-01T00:00:00Z,7624b4b1-36d7-5873-853f-1c9619287410,E64-16ds v4,DZH318Z0CSHK,DZH318Z0CSHK/018V,Virtual Machines Edsv4 Series,E64-16ds v4,Virtual Machines,DZH313Z7MMC8,Compute,1 Hour,Reservation,True,Standard_E64-16ds_v4,1 Year
USD,0.0,4.608,4.608,westus2,US West 2,2020-06-01T00:00:00Z,7624b4b1-36d7-5873-853f-1c9619287410,E64-16ds v4,DZH318Z0CSHK,DZH318Z0CSHK/008J,Virtual Machines Edsv4 Series,E64-16ds v4,Virtual Machines,DZH313Z7MMC8,Compute,1 Hour,Consumption,True,Standard_E64-16ds_v4,
USD,0.0,46017.0,46017.0,westus2,US West 2,2020-08-01T00:00:00Z,7624b4b1-36d7-5873-853f-1c9619287410,E64-16ds v4,DZH318Z0CSHK,DZH318Z0CSHK/018R,Virtual Machines Edsv4 Series,E64-16ds v4,Virtual Machines,DZH313Z7MMC8,Compute,1 Hour,Reservation,True,Standard_E64-16ds_v4,3 Years
USD,0.0,0.677,0.677,westus2,US West 2,2020-03-01T00:00:00Z,76aac00c-94d6-4015-9073-b0e68b5c106b,F16s v2,DZH318Z0BPWJ,DZH318Z0BPWJ/0008,Virtual Machines FSv2 Series Windows,F16s v2,Virtual Machines,DZH313Z7MMC8,Compute,1 Hour,DevTestConsumption,True,Standard_F16s_v2,
USD,0.0,1.302,1.302,westus2,US West 2,2020-03-01T00:00:00Z,76aac00c-94d6-4015-9073-b0e68b5c106b,F16s v2,DZH318Z0BPWJ,DZH318Z0BPWJ/0008,Virtual Machines FSv2 Series Windows,F16s v2,Virtual Machines,DZH313Z7MMC8,Compute,1 Hour,Consumption,True,Standard_F16s_v2,
USD,0.0,0.226,0.226,westus2,US West 2,2020-06-01T00:00:00Z,7e26b9b5-b851-5592-a2de-87f73357b96e,D4d v4,DZH318Z0D1L2,DZH318Z0D1L2/00C1,Virtual Machines Ddv4 Series,D4d v4,Virtual Machines,DZH313Z7MMC8,Compute,1 Hour,Consumption,True,Standard_D4d_v4,
USD,0.0,1168.0,1168.0,westus2,US West 2,2020-08-01T00:00:00Z,7e26b9b5-b851-5592-a2de-87f73357b96e,D4d v4,DZH318Z0D1L2,DZH318Z0D1L2/00BZ,Virtual Machines Ddv4 Series,D4d v4,Virtual Machines,DZH313Z7MMC8,Compute,1 Hour,Reservation,True,Standard_D4d_v4,1 Year
USD,0.0,2257.0,2257.0,westus2,US West 2,2020-06-01T00:00:00Z,7e26b9b5-b851-5592-a2de-87f73357b96e,D4d v4,DZH318Z0D1L2,DZH318Z0D1L2/00C0,Virtual Machines Ddv4 Series,D4d v4,Virtual Machines,DZH313Z7MMC8,Compute,1 Hour,Reservation,True,Standard_D4d_v4,3 Years
USD,0.0,0.288,0.288,westus2,US West 2,2020-06-01T00:00:00Z,7eded2ce-993c-5824-9d37-d10674cb4128,E4d v4,DZH318Z0D1LH,DZH318Z0D1LH/0042,Virtual Machines Edv4 Series Windows,E4d v4,Virtual Machines,DZH313Z7MMC8,Compute,1 Hour,DevTestConsumption,True,Standard_E4d_v4,
USD,0.0,0.472,0.472,westus2,US West 2,2020-06-01T00:00:00Z,7eded2ce-993c-5824-9d37-d10674cb4128,E4d v4,DZH318Z0D1LH,DZH318Z0D1LH/0042,Virtual Machines Edv4 Series Windows,E4d v4,Virtual Machines,DZH313Z7MMC8,Compute,1 Hour,Consumption,True,Standard_E4d_v4,
USD,0.0,5954.0,5954.0,westus2,US West 2,2020-06-01T00:00:00Z,7eff4153-820f-5296-b377-67cacf7adeea,E16d v4,DZH318Z0D1L5,DZH318Z0D1L5/0060,Virtual Machines Edv4 Series,E16d v4,Virtual Machines,DZH313Z7MMC8,Compute,1 Hour,Reservation,True,Standard_E16d_v4,1 Year
USD,0.0,1.152,1.152,westus2,US West 2,2020-06-01T00:00:00Z,7eff4153-820f-5296-b377-67cacf7adeea,E16d v4,DZH318Z0D1L5,DZH318Z0D1L5/0065,Virtual Machines Edv4 Series,E16d v4,Virtual Machines,DZH313Z7MMC8,Compute,1 Hour,Consumption,True,Standard_E16d_v4,
USD,0.0,11504.0,11504.0,westus2,US West 2,2020-08-01T00:00:00Z,7eff4153-820f-5296-b377-67cacf7adeea,E16d v4,DZH318Z0D1L5,DZH318Z0D1L5/0063,Virtual Machines Edv4 Series,E16d v4,Virtual Machines,DZH313Z7MMC8,Compute,1 Hour,Reservation,True,Standard_E16d_v4,3 Years
USD,0.0,14012.0,14012.0,westus2,US West 2,2017-12-01T00:00:00Z,85a0eb16-f1fe-4380-aa60-783af8412ce1,F64s v2,DZH318Z0BQ4X,DZH318Z0BQ4X/0032,Virtual Machines FSv2 Series,F64s v2,Virtual Machines,DZH313Z7MMC8,Compute,1 Hour,Reservation,True,Standard_F64s_v2,1 Year
USD,0.0,26072.0,26072.0,westus2,US West 2,2017-12-01T00:00:00Z,85a0eb16-f1fe-4380-aa60-783af8412ce1,F64s v2,DZH318Z0BQ4X,DZH318Z0BQ4X/0033,Virtual Machines FSv2 Series,F64s v2,Virtual Machines,DZH313Z7MMC8,Compute,1 Hour,Reservation,True,Standard_F64s_v2,3 Years
USD,0.0,2.706,2.706,westus2,US West 2,2020-03-01T00:00:00Z,85a0eb16-f1fe-4380-aa60-783af8412ce1,F64s v2,DZH318Z0BQ4X,DZH318Z0BQ4X/004B,Virtual Machines FSv2 Series,F64s v2,Virtual Machines,DZH313Z7MMC8,Compute,1 Hour,Consumption,True,Standard_F64s_v2,
USD,0.0,3.045,3.045,westus2,US West 2,2020-03-01T00:00:00Z,863129da-0f80-45d6-ab3d-6d044efe2332,F72s v2,DZH318Z0BQ4X,DZH318Z0BQ4X/0048,Virtual Machines FSv2 Series,F72s v2,Virtual Machines,DZH313Z7MMC8,Compute,1 Hour,Consumption,True,Standard_F72s_v2,
USD,0.0,29331.0,29331.0,westus2,US West 2,2017-12-01T00:00:00Z,863129da-0f80-45d6-ab3d-6d044efe2332,F72s v2,DZH318Z0BQ4X,DZH318Z0BQ4X/0031,Virtual Machines FSv2 Series,F72s v2,Virtual Machines,DZH313Z7MMC8,Compute,1 Hour,Reservation,True,Standard_F72s_v2,3 Years
USD,0.0,15764.0,15764.0,westus2,US West 2,2017-12-01T00:00:00Z,863129da-0f80-45d6-ab3d-6d044efe2332,F72s v2,DZH318Z0BQ4X,DZH318Z0BQ4X/0030,Virtual Machines FSv2 Series,F72s v2,Virtual Machines,DZH313Z7MMC8,Compute,1 Hour,Reservation,True,Standard_F72s_v2,1 Year
USD,0.0,0.651,0.651,westus2,US West 2,2020-03-01T00:00:00Z,8d38408f-08b3-4a00-a6fb-7c163123d783,F8s v2,DZH318Z0BPWJ,DZH318Z0BPWJ/000H,Virtual Machines FSv2 Series Windows,F8s v2,Virtual Machines,DZH313Z7MMC8,Compute,1 Hour,Consumption,True,Standard_F8s_v2,
USD,0.0,0.338,0.338,westus2,US West 2,2020-03-01T00:00:00Z,8d38408f-08b3-4a00-a6fb-7c163123d783,F8s v2,DZH318Z0BPWJ,DZH318Z0BPWJ/000H,Virtual Machines FSv2 Series Windows,F8s v2,Virtual Machines,DZH313Z7MMC8,Compute,1 Hour,DevTestConsumption,True,Standard_F8s_v2,
USD,0.0,1.888,1.888,westus2,US West 2,2020-06-01T00:00:00Z,8ffaa974-2b64-5650-b776-c671ebe2270b,E16d v4,DZH318Z0D1LH,DZH318Z0D1LH/0043,Virtual Machines Edv4 Series Windows,E16d v4,Virtual Machines,DZH313Z7MMC8,Compute,1 Hour,Consumption,True,Standard_E16d_v4,
USD,0.0,1.152,1.152,westus2,US West 2,2020-06-01T00:00:00Z,8ffaa974-2b64-5650-b776-c671ebe2270b,E16d v4,DZH318Z0D1LH,DZH318Z0D1LH/0043,Virtual Machines Edv4 Series Windows,E16d v4,Virtual Machines,DZH313Z7MMC8,Compute,1 Hour,DevTestConsumption,True,Standard_E16d_v4,
USD,0.0,4.608,4.608,westus2,US West 2,2020-06-01T00:00:00Z,91f1878b-ac40-539f-990d-acb64f3920b9,E64d v4,DZH318Z0D1LH,DZH318Z0D1LH/003H,Virtual Machines Edv4 Series Windows,E64d v4,Virtual Machines,DZH313Z7MMC8,Compute,1 Hour,DevTestConsumption,True,Standard_E64d_v4,
USD,0.0,7.552,7.552,westus2,US West 2,2020-06-01T00:00:00Z,91f1878b-ac40-539f-990d-acb64f3920b9,E64d v4,DZH318Z0D1LH,DZH318Z0D1LH/003H,Virtual Machines Edv4 Series Windows,E64d v4,Virtual Machines,DZH313Z7MMC8,Compute,1 Hour,Consumption,True,Standard_E64d_v4,
USD,0.0,3.456,3.456,westus2,US West 2,2020-06-01T00:00:00Z,94fde7c8-4756-54b4-8e73-2382b70e920f,E48d v4,DZH318Z0D1LH,DZH318Z0D1LH/003M,Virtual Machines Edv4 Series Windows,E48d v4,Virtual Machines,DZH313Z7MMC8,Compute,1 Hour,DevTestConsumption,True,Standard_E48d_v4,
USD,0.0,5.664,5.664,westus2,US West 2,2020-06-01T00:00:00Z,94fde7c8-4756-54b4-8e73-2382b70e920f,E48d v4,DZH318Z0D1LH,DZH318Z0D1LH/003M,Virtual Machines Edv4 Series Windows,E48d v4,Virtual Machines,DZH313Z7MMC8,Compute,1 Hour,Consumption,True,Standard_E48d_v4,
USD,0.0,1.152,1.152,westus2,US West 2,2020-06-01T00:00:00Z,982cf92f-96dc-553e-b9de-04cf80a62bd4,E16ds v4,DZH318Z0CSHB,DZH318Z0CSHB/0048,Virtual Machines Edsv4 Series Windows,E16ds v4,Virtual Machines,DZH313Z7MMC8,Compute,1 Hour,DevTestConsumption,True,Standard_E16ds_v4,
USD,0.0,1.888,1.888,westus2,US West 2,2020-06-01T00:00:00Z,982cf92f-96dc-553e-b9de-04cf80a62bd4,E16ds v4,DZH318Z0CSHB,DZH318Z0CSHB/0048,Virtual Machines Edsv4 Series Windows,E16ds v4,Virtual Machines,DZH313Z7MMC8,Compute,1 Hour,Consumption,True,Standard_E16ds_v4,
USD,0.0,0.226,0.226,westus2,US West 2,2020-06-01T00:00:00Z,98d9e645-9dcd-57e9-ae14-08a483fb2e6f,D4d v4,DZH318Z0D1L6,DZH318Z0D1L6/003W,Virtual Machines Ddv4 Series Windows,D4d v4,Virtual Machines,DZH313Z7MMC8,Compute,1 Hour,DevTestConsumption,True,Standard_D4d_v4,
USD,0.0,0.41,0.41,westus2,US West 2,2020-06-01T00:00:00Z,98d9e645-9dcd-57e9-ae14-08a483fb2e6f,D4d v4,DZH318Z0D1L6,DZH318Z0D1L6/003W,Virtual Machines Ddv4 Series Windows,D4d v4,Virtual Machines,DZH313Z7MMC8,Compute,1 Hour,Consumption,True,Standard_D4d_v4,
USD,0.0,0.452,0.452,westus2,US West 2,2020-06-01T00:00:00Z,99c1ceea-27c0-542e-8777-04e6974968cb,D8ds v4,DZH318Z0CSHM,DZH318Z0CSHM/005J,Virtual Machines Ddsv4 Series,D8ds v4,Virtual Machines,DZH313Z7MMC8,Compute,1 Hour,Consumption,True,Standard_D8ds_v4,
USD,0.0,2336.0,2336.0,westus2,US West 2,2020-08-01T00:00:00Z,99c1ceea-27c0-542e-8777-04e6974968cb,D8ds v4,DZH318Z0CSHM,DZH318Z0CSHM/00J6,Virtual Machines Ddsv4 Series,D8ds v4,Virtual Machines,DZH313Z7MMC8,Compute,1 Hour,Reservation,True,Standard_D8ds_v4,1 Year
USD,0.0,4514.0,4514.0,westus2,US West 2,2020-06-01T00:00:00Z,99c1ceea-27c0-542e-8777-04e6974968cb,D8ds v4,DZH318Z0CSHM,DZH318Z0CSHM/00J5,Virtual Machines Ddsv4 Series,D8ds v4,Virtual Machines,DZH313Z7MMC8,Compute,1 Hour,Reservation,True,Standard_D8ds_v4,3 Years
USD,0.0,0.904,0.904,westus2,US West 2,2020-06-01T00:00:00Z,99fe80a4-0ab0-5ee8-9d2c-b497ccbf6f9b,D16ds v4,DZH318Z0CSHH,DZH318Z0CSHH/002F,Virtual Machines Ddsv4 Series Windows,D16ds v4,Virtual Machines,DZH313Z7MMC8,Compute,1 Hour,DevTestConsumption,True,Standard_D16ds_v4,
USD,0.0,1.64,1.64,westus2,US West 2,2020-06-01T00:00:00Z,99fe80a4-0ab0-5ee8-9d2c-b497ccbf6f9b,D16ds v4,DZH318Z0CSHH,DZH318Z0CSHH/002F,Virtual Machines Ddsv4 Series Windows,D16ds v4,Virtual Machines,DZH313Z7MMC8,Compute,1 Hour,Consumption,True,Standard_D16ds_v4,
USD,0.0,815.0,815.0,westus2,US West 2,2017-12-01T00:00:00Z,9acc2a98-6997-4224-9c0a-98e89405568d,F2s v2,DZH318Z0BQ4X,DZH318Z0BQ4X/003C,Virtual Machines FSv2 Series,F2s v2,Virtual Machines,DZH313Z7MMC8,Compute,1 Hour,Reservation,True,Standard_F2s_v2,3 Years
USD,0.0,438.0,438.0,westus2,US West 2,2017-12-01T00:00:00Z,9acc2a98-6997-4224-9c0a-98e89405568d,F2s v2,DZH318Z0BQ4X,DZH318Z0BQ4X/003B,Virtual Machines FSv2 Series,F2s v2,Virtual Machines,DZH313Z7MMC8,Compute,1 Hour,Reservation,True,Standard_F2s_v2,1 Year
USD,0.0,0.0846,0.0846,westus2,US West 2,2020-03-01T00:00:00Z,9acc2a98-6997-4224-9c0a-98e89405568d,F2s v2,DZH318Z0BQ4X,DZH318Z0BQ4X/0060,Virtual Machines FSv2 Series,F2s v2,Virtual Machines,DZH313Z7MMC8,Compute,1 Hour,Consumption,True,Standard_F2s_v2,
USD,0.0,23009.0,23009.0,westus2,US West 2,2020-08-01T00:00:00Z,9b151d45-603f-5803-b029-a77da723895c,E32ds v4,DZH318Z0CSHK,DZH318Z0CSHK/0192,Virtual Machines Edsv4 Series,E32ds v4,Virtual Machines,DZH313Z7MMC8,Compute,1 Hour,Reservation,True,Standard_E32ds_v4,3 Years
USD,0.0,11908.0,11908.0,westus2,US West 2,2020-06-01T00:00:00Z,9b151d45-603f-5803-b029-a77da723895c,E32ds v4,DZH318Z0CSHK,DZH318Z0CSHK/018X,Virtual Machines Edsv4 Series,E32ds v4,Virtual Machines,DZH313Z7MMC8,Compute,1 Hour,Reservation,True,Standard_E32ds_v4,1 Year
USD,0.0,2.304,2.304,westus2,US West 2,2020-06-01T00:00:00Z,9b151d45-603f-5803-b029-a77da723895c,E32ds v4,DZH318Z0CSHK,DZH318Z0CSHK/0090,Virtual Machines Edsv4 Series,E32ds v4,Virtual Machines,DZH313Z7MMC8,Compute,1 Hour,Consumption,True,Standard_E32ds_v4,
USD,0.0,0.205,0.205,westus2,US West 2,2020-06-01T00:00:00Z,9b876473-f369-52bb-a50a-d1909556230a,D2d v4,DZH318Z0D1L6,DZH318Z0D1L6/0048,Virtual Machines Ddv4 Series Windows,D2d v4,Virtual Machines,DZH313Z7MMC8,Compute,1 Hour,Consumption,True,Standard_D2d_v4,
USD,0.0,0.113,0.113,westus2,US West 2,2020-06-01T00:00:00Z,9b876473-f369-52bb-a50a-d1909556230a,D2d v4,DZH318Z0D1L6,DZH318Z0D1L6/0048,Virtual Machines Ddv4 Series Windows,D2d v4,Virtual Machines,DZH313Z7MMC8,Compute,1 Hour,DevTestConsumption,True,Standard_D2d_v4,
USD,0.0,11908.0,11908.0,westus2,US West 2,2020-06-01T00:00:00Z,9d24603e-8848-51cf-9094-f91bacde12ac,E32-8ds v4,DZH318Z0CSHK,DZH318Z0CSHK/0194,Virtual Machines Edsv4 Series,E32-8ds v4,Virtual Machines,DZH313Z7MMC8,Compute,1 Hour,Reservation,True,Standard_E32-8ds_v4,1 Year
USD,0.0,23009.0,23009.0,westus2,US West 2,2020-08-01T00:00:00Z,9d24603e-8848-51cf-9094-f91bacde12ac,E32-8ds v4,DZH318Z0CSHK,DZH318Z0CSHK/0197,Virtual Machines Edsv4 Series,E32-8ds v4,Virtual Machines,DZH313Z7MMC8,Compute,1 Hour,Reservation,True,Standard_E32-8ds_v4,3 Years
USD,0.0,2.304,2.304,westus2,US West 2,2020-06-01T00:00:00Z,9d24603e-8848-51cf-9094-f91bacde12ac,E32-8ds v4,DZH318Z0CSHK,DZH318Z0CSHK/009P,Virtual Machines Edsv4 Series,E32-8ds v4,Virtual Machines,DZH313Z7MMC8,Compute,1 Hour,Consumption,True,Standard_E32-8ds_v4,
USD,0.0,3.616,3.616,westus2,US West 2,2020-06-01T00:00:00Z,a3d00d67-2f38-52ab-97a1-8d50b4e40d21,D64ds v4,DZH318Z0CSHH,DZH318Z0CSHH/000N,Virtual Machines Ddsv4 Series Windows,D64ds v4,Virtual Machines,DZH313Z7MMC8,Compute,1 Hour,DevTestConsumption,True,Standard_D64ds_v4,
USD,0.0,6.56,6.56,westus2,US West 2,2020-06-01T00:00:00Z,a3d00d67-2f38-52ab-97a1-8d50b4e40d21,D64ds v4,DZH318Z0CSHH,DZH318Z0CSHH/000N,Virtual Machines Ddsv4 Series Windows,D64ds v4,Virtual Machines,DZH313Z7MMC8,Compute,1 Hour,Consumption,True,Standard_D64ds_v4,
USD,0.0,1.152,1.152,westus2,US West 2,2020-06-01T00:00:00Z,a7174b9e-5f09-57f9-adac-c6d88ed6fc8a,E16-8ds v4,DZH318Z0CSHK,DZH318Z0CSHK/00F1,Virtual Machines Edsv4 Series,E16-8ds v4,Virtual Machines,DZH313Z7MMC8,Compute,1 Hour,Consumption,True,Standard_E16-8ds_v4,
USD,0.0,5954.0,5954.0,westus2,US West 2,2020-06-01T00:00:00Z,a7174b9e-5f09-57f9-adac-c6d88ed6fc8a,E16-8ds v4,DZH318Z0CSHK,DZH318Z0CSHK/01B5,Virtual Machines Edsv4 Series,E16-8ds v4,Virtual Machines,DZH313Z7MMC8,Compute,1 Hour,Reservation,True,Standard_E16-8ds_v4,1 Year
USD,0.0,11504.0,11504.0,westus2,US West 2,2020-08-01T00:00:00Z,a7174b9e-5f09-57f9-adac-c6d88ed6fc8a,E16-8ds v4,DZH318Z0CSHK,DZH318Z0CSHK/01BB,Virtual Machines Edsv4 Series,E16-8ds v4,Virtual Machines,DZH313Z7MMC8,Compute,1 Hour,Reservation,True,Standard_E16-8ds_v4,3 Years
USD,0.0,18055.0,18055.0,westus2,US West 2,2020-06-01T00:00:00Z,a871101d-76b1-58f2-90e2-e3677aa9b878,D32d v4,DZH318Z0D1L2,DZH318Z0D1L2/00BM,Virtual Machines Ddv4 Series,D32d v4,Virtual Machines,DZH313Z7MMC8,Compute,1 Hour,Reservation,True,Standard_D32d_v4,3 Years
USD,0.0,9344.0,9344.0,westus2,US West 2,2020-08-01T00:00:00Z,a871101d-76b1-58f2-90e2-e3677aa9b878,D32d v4,DZH318Z0D1L2,DZH318Z0D1L2/00BL,Virtual Machines Ddv4 Series,D32d v4,Virtual Machines,DZH313Z7MMC8,Compute,1 Hour,Reservation,True,Standard_D32d_v4,1 Year
USD,0.0,1.808,1.808,westus2,US West 2,2020-06-01T00:00:00Z,a871101d-76b1-58f2-90e2-e3677aa9b878,D32d v4,DZH318Z0D1L2,DZH318Z0D1L2/00BN,Virtual Machines Ddv4 Series,D32d v4,Virtual Machines,DZH313Z7MMC8,Compute,1 Hour,Consumption,True,Standard_D32d_v4,
USD,0.0,17862.0,17862.0,westus2,US West 2,2020-06-01T00:00:00Z,a91d3766-d86c-5ee9-9c4b-7913503ee84c,E48ds v4,DZH318Z0CSHK,DZH318Z0CSHK/0191,Virtual Machines Edsv4 Series,E48ds v4,Virtual Machines,DZH313Z7MMC8,Compute,1 Hour,Reservation,True,Standard_E48ds_v4,1 Year
USD,0.0,3.456,3.456,westus2,US West 2,2020-06-01T00:00:00Z,a91d3766-d86c-5ee9-9c4b-7913503ee84c,E48ds v4,DZH318Z0CSHK,DZH318Z0CSHK/008T,Virtual Machines Edsv4 Series,E48ds v4,Virtual Machines,DZH313Z7MMC8,Compute,1 Hour,Consumption,True,Standard_E48ds_v4,
USD,0.0,34513.0,34513.0,westus2,US West 2,2020-08-01T00:00:00Z,a91d3766-d86c-5ee9-9c4b-7913503ee84c,E48ds v4,DZH318Z0CSHK,DZH318Z0CSHK/0190,Virtual Machines Edsv4 Series,E48ds v4,Virtual Machines,DZH313Z7MMC8,Compute,1 Hour,Reservation,True,Standard_E48ds_v4,3 Years
USD,0.0,3.776,3.776,westus2,US West 2,2020-06-01T00:00:00Z,adbbc2f5-87bf-532d-9fed-9aa5b544b687,E32-8ds v4,DZH318Z0CSHB,DZH318Z0CSHB/000R,Virtual Machines Edsv4 Series Windows,E32-8ds v4,Virtual Machines,DZH313Z7MMC8,Compute,1 Hour,Consumption,True,Standard_E32-8ds_v4,
USD,0.0,2.304,2.304,westus2,US West 2,2020-06-01T00:00:00Z,adbbc2f5-87bf-532d-9fed-9aa5b544b687,E32-8ds v4,DZH318Z0CSHB,DZH318Z0CSHB/000R,Virtual Machines Edsv4 Series Windows,E32-8ds v4,Virtual Machines,DZH313Z7MMC8,Compute,1 Hour,DevTestConsumption,True,Standard_E32-8ds_v4,
USD,0.0,1.888,1.888,westus2,US West 2,2020-06-01T00:00:00Z,af063f83-0f03-5558-8c41-22818cbb0bb2,E16-8ds v4,DZH318Z0CSHB,DZH318Z0CSHB/004H,Virtual Machines Edsv4 Series Windows,E16-8ds v4,Virtual Machines,DZH313Z7MMC8,Compute,1 Hour,Consumption,True,Standard_E16-8ds_v4,
USD,0.0,1.152,1.152,westus2,US West 2,2020-06-01T00:00:00Z,af063f83-0f03-5558-8c41-22818cbb0bb2,E16-8ds v4,DZH318Z0CSHB,DZH318Z0CSHB/004H,Virtual Machines Edsv4 Series Windows,E16-8ds v4,Virtual Machines,DZH313Z7MMC8,Compute,1 Hour,DevTestConsumption,True,Standard_E16-8ds_v4,
USD,0.0,2.712,2.712,westus2,US West 2,2020-06-01T00:00:00Z,b0c3df6b-fe5a-54c1-bc39-d771dbe0b952,D48d v4,DZH318Z0D1L2,DZH318Z0D1L2/00BD,Virtual Machines Ddv4 Series,D48d v4,Virtual Machines,DZH313Z7MMC8,Compute,1 Hour,Consumption,True,Standard_D48d_v4,
USD,0.0,14017.0,14017.0,westus2,US West 2,2020-08-01T00:00:00Z,b0c3df6b-fe5a-54c1-bc39-d771dbe0b952,D48d v4,DZH318Z0D1L2,DZH318Z0D1L2/00B3,Virtual Machines Ddv4 Series,D48d v4,Virtual Machines,DZH313Z7MMC8,Compute,1 Hour,Reservation,True,Standard_D48d_v4,1 Year
USD,0.0,27083.0,27083.0,westus2,US West 2,2020-06-01T00:00:00Z,b0c3df6b-fe5a-54c1-bc39-d771dbe0b952,D48d v4,DZH318Z0D1L2,DZH318Z0D1L2/008X,Virtual Machines Ddv4 Series,D48d v4,Virtual Machines,DZH313Z7MMC8,Compute,1 Hour,Reservation,True,Standard_D48d_v4,3 Years
USD,0.0,17862.0,17862.0,westus2,US West 2,2020-06-01T00:00:00Z,b431eca8-fd94-5051-8c6e-85e2dabd5bb8,E48d v4,DZH318Z0D1L5,DZH318Z0D1L5/005P,Virtual Machines Edv4 Series,E48d v4,Virtual Machines,DZH313Z7MMC8,Compute,1 Hour,Reservation,True,Standard_E48d_v4,1 Year
USD,0.0,3.456,3.456,westus2,US West 2,2020-06-01T00:00:00Z,b431eca8-fd94-5051-8c6e-85e2dabd5bb8,E48d v4,DZH318Z0D1L5,DZH318Z0D1L5/005W,Virtual Machines Edv4 Series,E48d v4,Virtual Machines,DZH313Z7MMC8,Compute,1 Hour,Consumption,True,Standard_E48d_v4,
USD,0.0,34513.0,34513.0,westus2,US West 2,2020-08-01T00:00:00Z,b431eca8-fd94-5051-8c6e-85e2dabd5bb8,E48d v4,DZH318Z0D1L5,DZH318Z0D1L5/005M,Virtual Machines Edv4 Series,E48d v4,Virtual Machines,DZH313Z7MMC8,Compute,1 Hour,Reservation,True,Standard_E48d_v4,3 Years
USD,0.0,2876.0,2876.0,westus2,US West 2,2020-08-01T00:00:00Z,be513742-3d1c-52c5-9c54-6a5186e215e7,E4-2ds v4,DZH318Z0CSHK,DZH318Z0CSHK/01C1,Virtual Machines Edsv4 Series,E4-2ds v4,Virtual Machines,DZH313Z7MMC8,Compute,1 Hour,Reservation,True,Standard_E4-2ds_v4,3 Years
USD,0.0,1488.0,1488.0,westus2,US West 2,2020-06-01T00:00:00Z,be513742-3d1c-52c5-9c54-6a5186e215e7,E4-2ds v4,DZH318Z0CSHK,DZH318Z0CSHK/01C2,Virtual Machines Edsv4 Series,E4-2ds v4,Virtual Machines,DZH313Z7MMC8,Compute,1 Hour,Reservation,True,Standard_E4-2ds_v4,1 Year
USD,0.0,0.288,0.288,westus2,US West 2,2020-06-01T00:00:00Z,be513742-3d1c-52c5-9c54-6a5186e215e7,E4-2ds v4,DZH318Z0CSHK,DZH318Z0CSHK/00GH,Virtual Machines Edsv4 Series,E4-2ds v4,Virtual Machines,DZH313Z7MMC8,Compute,1 Hour,Consumption,True,Standard_E4-2ds_v4,
USD,0.0,3.616,3.616,westus2,US West 2,2020-06-01T00:00:00Z,c674f4f9-e97c-5cb4-8b43-1be634426e45,D64ds v4,DZH318Z0CSHM,DZH318Z0CSHM/002V,Virtual Machines Ddsv4 Series,D64ds v4,Virtual Machines,DZH313Z7MMC8,Compute,1 Hour,Consumption,True,Standard_D64ds_v4,
USD,0.0,36111.0,36111.0,westus2,US West 2,2020-06-01T00:00:00Z,c674f4f9-e97c-5cb4-8b43-1be634426e45,D64ds v4,DZH318Z0CSHM,DZH318Z0CSHM/00HQ,Virtual Machines Ddsv4 Series,D64ds v4,Virtual Machines,DZH313Z7MMC8,Compute,1 Hour,Reservation,True,Standard_D64ds_v4,3 Years
USD,0.0,18689.0,18689.0,westus2,US West 2,2020-08-01T00:00:00Z,c674f4f9-e97c-5cb4-8b43-1be634426e45,D64ds v4,DZH318Z0CSHM,DZH318Z0CSHM/00HZ,Virtual Machines Ddsv4 Series,D64ds v4,Virtual Machines,DZH313Z7MMC8,Compute,1 Hour,Reservation,True,Standard_D64ds_v4,1 Year
USD,0.0,1.353,1.353,westus2,US West 2,2020-03-01T00:00:00Z,d0d77cee-ee9a-4dd0-89ff-393ae8386a19,F32s v2,DZH318Z0BQ4X,DZH318Z0BQ4X/004K,Virtual Machines FSv2 Series,F32s v2,Virtual Machines,DZH313Z7MMC8,Compute,1 Hour,Consumption,True,Standard_F32s_v2,
USD,0.0,7006.0,7006.0,westus2,US West 2,2017-12-01T00:00:00Z,d0d77cee-ee9a-4dd0-89ff-393ae8386a19,F32s v2,DZH318Z0BQ4X,DZH318Z0BQ4X/0038,Virtual Machines FSv2 Series,F32s v2,Virtual Machines,DZH313Z7MMC8,Compute,1 Hour,Reservation,True,Standard_F32s_v2,1 Year
USD,0.0,13036.0,13036.0,westus2,US West 2,2017-12-01T00:00:00Z,d0d77cee-ee9a-4dd0-89ff-393ae8386a19,F32s v2,DZH318Z0BQ4X,DZH318Z0BQ4X/0039,Virtual Machines FSv2 Series,F32s v2,Virtual Machines,DZH313Z7MMC8,Compute,1 Hour,Reservation,True,Standard_F32s_v2,3 Years
USD,0.0,2977.0,2977.0,westus2,US West 2,2020-06-01T00:00:00Z,d3798d91-dbae-5339-b588-d95440ce6f4b,E8ds v4,DZH318Z0CSHK,DZH318Z0CSHK/01BS,Virtual Machines Edsv4 Series,E8ds v4,Virtual Machines,DZH313Z7MMC8,Compute,1 Hour,Reservation,True,Standard_E8ds_v4,1 Year
USD,0.0,5752.0,5752.0,westus2,US West 2,2020-08-01T00:00:00Z,d3798d91-dbae-5339-b588-d95440ce6f4b,E8ds v4,DZH318Z0CSHK,DZH318Z0CSHK/01BR,Virtual Machines Edsv4 Series,E8ds v4,Virtual Machines,DZH313Z7MMC8,Compute,1 Hour,Reservation,True,Standard_E8ds_v4,3 Years
USD,0.0,0.576,0.576,westus2,US West 2,2020-06-01T00:00:00Z,d3798d91-dbae-5339-b588-d95440ce6f4b,E8ds v4,DZH318Z0CSHK,DZH318Z0CSHK/00F9,Virtual Machines Edsv4 Series,E8ds v4,Virtual Machines,DZH313Z7MMC8,Compute,1 Hour,Consumption,True,Standard_E8ds_v4,
USD,0.0,0.41,0.41,westus2,US West 2,2020-06-01T00:00:00Z,d3fbf098-0023-5b53-bce2-32187d6c989b,D4ds v4,DZH318Z0CSHH,DZH318Z0CSHH/004P,Virtual Machines Ddsv4 Series Windows,D4ds v4,Virtual Machines,DZH313Z7MMC8,Compute,1 Hour,Consumption,True,Standard_D4ds_v4,
USD,0.0,0.226,0.226,westus2,US West 2,2020-06-01T00:00:00Z,d3fbf098-0023-5b53-bce2-32187d6c989b,D4ds v4,DZH318Z0CSHH,DZH318Z0CSHH/004P,Virtual Machines Ddsv4 Series Windows,D4ds v4,Virtual Machines,DZH313Z7MMC8,Compute,1 Hour,DevTestConsumption,True,Standard_D4ds_v4,
USD,0.0,4672.0,4672.0,westus2,US West 2,2020-08-01T00:00:00Z,d9d30448-4a78-56fd-8328-e1dcc4bf981d,D16d v4,DZH318Z0D1L2,DZH318Z0D1L2/00BP,Virtual Machines Ddv4 Series,D16d v4,Virtual Machines,DZH313Z7MMC8,Compute,1 Hour,Reservation,True,Standard_D16d_v4,1 Year
USD,0.0,9028.0,9028.0,westus2,US West 2,2020-06-01T00:00:00Z,d9d30448-4a78-56fd-8328-e1dcc4bf981d,D16d v4,DZH318Z0D1L2,DZH318Z0D1L2/00BR,Virtual Machines Ddv4 Series,D16d v4,Virtual Machines,DZH313Z7MMC8,Compute,1 Hour,Reservation,True,Standard_D16d_v4,3 Years
USD,0.0,0.904,0.904,westus2,US West 2,2020-06-01T00:00:00Z,d9d30448-4a78-56fd-8328-e1dcc4bf981d,D16d v4,DZH318Z0D1L2,DZH318Z0D1L2/00BQ,Virtual Machines Ddv4 Series,D16d v4,Virtual Machines,DZH313Z7MMC8,Compute,1 Hour,Consumption,True,Standard_D16d_v4,
USD,0.0,0.472,0.472,westus2,US West 2,2020-06-01T00:00:00Z,dc1412ba-8c0d-51f2-97be-55f5c728ec32,E4ds v4,DZH318Z0CSHB,DZH318Z0CSHB/005F,Virtual Machines Edsv4 Series Windows,E4ds v4,Virtual Machines,DZH313Z7MMC8,Compute,1 Hour,Consumption,True,Standard_E4ds_v4,
USD,0.0,0.288,0.288,westus2,US West 2,2020-06-01T00:00:00Z,dc1412ba-8c0d-51f2-97be-55f5c728ec32,E4ds v4,DZH318Z0CSHB,DZH318Z0CSHB/005F,Virtual Machines Edsv4 Series Windows,E4ds v4,Virtual Machines,DZH313Z7MMC8,Compute,1 Hour,DevTestConsumption,True,Standard_E4ds_v4,
USD,0.0,5752.0,5752.0,westus2,US West 2,2020-08-01T00:00:00Z,dfa31af6-4b0d-5be1-9699-b72f5ba660e8,E8-2ds v4,DZH318Z0CSHK,DZH318Z0CSHK/01BX,Virtual Machines Edsv4 Series,E8-2ds v4,Virtual Machines,DZH313Z7MMC8,Compute,1 Hour,Reservation,True,Standard_E8-2ds_v4,3 Years
USD,0.0,0.576,0.576,westus2,US West 2,2020-06-01T00:00:00Z,dfa31af6-4b0d-5be1-9699-b72f5ba660e8,E8-2ds v4,DZH318Z0CSHK,DZH318Z0CSHK/00G2,Virtual Machines Edsv4 Series,E8-2ds v4,Virtual Machines,DZH313Z7MMC8,Compute,1 Hour,Consumption,True,Standard_E8-2ds_v4,
USD,0.0,2977.0,2977.0,westus2,US West 2,2020-06-01T00:00:00Z,dfa31af6-4b0d-5be1-9699-b72f5ba660e8,E8-2ds v4,DZH318Z0CSHK,DZH318Z0CSHK/01BZ,Virtual Machines Edsv4 Series,E8-2ds v4,Virtual Machines,DZH313Z7MMC8,Compute,1 Hour,Reservation,True,Standard_E8-2ds_v4,1 Year
USD,0.0,2.03,2.03,westus2,US West 2,2020-03-01T00:00:00Z,e1c0b6de-73f0-40cb-a842-75e4463f31cb,F48s v2,DZH318Z0BQ4X,DZH318Z0BQ4X/0187,Virtual Machines FSv2 Series,F48s v2,Virtual Machines,DZH313Z7MMC8,Compute,1 Hour,Consumption,True,Standard_F48s_v2,
USD,0.0,10585.0,10585.0,westus2,US West 2,2019-06-07T00:00:00Z,e1c0b6de-73f0-40cb-a842-75e4463f31cb,F48s v2,DZH318Z0BQ4X,DZH318Z0BQ4X/0186,Virtual Machines FSv2 Series,F48s v2,Virtual Machines,DZH313Z7MMC8,Compute,1 Hour,Reservation,True,Standard_F48s_v2,1 Year
USD,0.0,19343.0,19343.0,westus2,US West 2,2019-06-07T00:00:00Z,e1c0b6de-73f0-40cb-a842-75e4463f31cb,F48s v2,DZH318Z0BQ4X,DZH318Z0BQ4X/0185,Virtual Machines FSv2 Series,F48s v2,Virtual Machines,DZH313Z7MMC8,Compute,1 Hour,Reservation,True,Standard_F48s_v2,3 Years
USD,0.0,1.808,1.808,westus2,US West 2,2020-06-01T00:00:00Z,e2ec4db7-f4da-5ab3-98f8-23f79b73377f,D32ds v4,DZH318Z0CSHH,DZH318Z0CSHH/001X,Virtual Machines Ddsv4 Series Windows,D32ds v4,Virtual Machines,DZH313Z7MMC8,Compute,1 Hour,DevTestConsumption,True,Standard_D32ds_v4,
USD,0.0,3.28,3.28,westus2,US West 2,2020-06-01T00:00:00Z,e2ec4db7-f4da-5ab3-98f8-23f79b73377f,D32ds v4,DZH318Z0CSHH,DZH318Z0CSHH/001X,Virtual Machines Ddsv4 Series Windows,D32ds v4,Virtual Machines,DZH313Z7MMC8,Compute,1 Hour,Consumption,True,Standard_D32ds_v4,
USD,0.0,3.28,3.28,westus2,US West 2,2020-06-01T00:00:00Z,e3b31c92-a320-5cb7-8bf1-1575c3071a86,D32d v4,DZH318Z0D1L6,DZH318Z0D1L6/003L,Virtual Machines Ddv4 Series Windows,D32d v4,Virtual Machines,DZH313Z7MMC8,Compute,1 Hour,Consumption,True,Standard_D32d_v4,
USD,0.0,1.808,1.808,westus2,US West 2,2020-06-01T00:00:00Z,e3b31c92-a320-5cb7-8bf1-1575c3071a86,D32d v4,DZH318Z0D1L6,DZH318Z0D1L6/003L,Virtual Machines Ddv4 Series Windows,D32d v4,Virtual Machines,DZH313Z7MMC8,Compute,1 Hour,DevTestConsumption,True,Standard_D32d_v4,
USD,0.0,0.113,0.113,westus2,US West 2,2020-06-01T00:00:00Z,e42f30ff-10b2-5a80-b201-3db56685307c,D2ds v4,DZH318Z0CSHM,DZH318Z0CSHM/006N,Virtual Machines Ddsv4 Series,D2ds v4,Virtual Machines,DZH313Z7MMC8,Compute,1 Hour,Consumption,True,Standard_D2ds_v4,
USD,0.0,584.0,584.0,westus2,US West 2,2020-08-01T00:00:00Z,e42f30ff-10b2-5a80-b201-3db56685307c,D2ds v4,DZH318Z0CSHM,DZH318Z0CSHM/00JD,Virtual Machines Ddsv4 Series,D2ds v4,Virtual Machines,DZH313Z7MMC8,Compute,1 Hour,Reservation,True,Standard_D2ds_v4,1 Year
USD,0.0,1128.0,1128.0,westus2,US West 2,2020-06-01T00:00:00Z,e42f30ff-10b2-5a80-b201-3db56685307c,D2ds v4,DZH318Z0CSHM,DZH318Z0CSHM/00HM,Virtual Machines Ddsv4 Series,D2ds v4,Virtual Machines,DZH313Z7MMC8,Compute,1 Hour,Reservation,True,Standard_D2ds_v4,3 Years
USD,0.0,1.44,1.44,westus2,US West 2,2020-06-01T00:00:00Z,e7877cf3-7d49-5bca-8b43-2a6d5ab40976,E20d v4,DZH318Z0D1LH,DZH318Z0D1LH/0040,Virtual Machines Edv4 Series Windows,E20d v4,Virtual Machines,DZH313Z7MMC8,Compute,1 Hour,DevTestConsumption,True,Standard_E20d_v4,
USD,0.0,2.36,2.36,westus2,US West 2,2020-06-01T00:00:00Z,e7877cf3-7d49-5bca-8b43-2a6d5ab40976,E20d v4,DZH318Z0D1LH,DZH318Z0D1LH/0040,Virtual Machines Edv4 Series Windows,E20d v4,Virtual Machines,DZH313Z7MMC8,Compute,1 Hour,Consumption,True,Standard_E20d_v4,
USD,0.0,0.205,0.205,westus2,US West 2,2020-06-01T00:00:00Z,e80a9590-6c75-54a1-91c0-01502c9cb414,D2ds v4,DZH318Z0CSHH,DZH318Z0CSHH/0057,Virtual Machines Ddsv4 Series Windows,D2ds v4,Virtual Machines,DZH313Z7MMC8,Compute,1 Hour,Consumption,True,Standard_D2ds_v4,
USD,0.0,0.113,0.113,westus2,US West 2,2020-06-01T00:00:00Z,e80a9590-6c75-54a1-91c0-01502c9cb414,D2ds v4,DZH318Z0CSHH,DZH318Z0CSHH/0057,Virtual Machines Ddsv4 Series Windows,D2ds v4,Virtual Machines,DZH313Z7MMC8,Compute,1 Hour,DevTestConsumption,True,Standard_D2ds_v4,
USD,0.0,1.152,1.152,westus2,US West 2,2020-06-01T00:00:00Z,e9070214-3aeb-5d25-8db8-189bda1bcd0d,E16ds v4,DZH318Z0CSHK,DZH318Z0CSHK/00C4,Virtual Machines Edsv4 Series,E16ds v4,Virtual Machines,DZH313Z7MMC8,Compute,1 Hour,Consumption,True,Standard_E16ds_v4,
USD,0.0,11504.0,11504.0,westus2,US West 2,2020-08-01T00:00:00Z,e9070214-3aeb-5d25-8db8-189bda1bcd0d,E16ds v4,DZH318Z0CSHK,DZH318Z0CSHK/019X,Virtual Machines Edsv4 Series,E16ds v4,Virtual Machines,DZH313Z7MMC8,Compute,1 Hour,Reservation,True,Standard_E16ds_v4,3 Years
USD,0.0,5954.0,5954.0,westus2,US West 2,2020-06-01T00:00:00Z,e9070214-3aeb-5d25-8db8-189bda1bcd0d,E16ds v4,DZH318Z0CSHK,DZH318Z0CSHK/01B0,Virtual Machines Edsv4 Series,E16ds v4,Virtual Machines,DZH313Z7MMC8,Compute,1 Hour,Reservation,True,Standard_E16ds_v4,1 Year
USD,0.0,1128.0,1128.0,westus2,US West 2,2020-06-01T00:00:00Z,e9e600a2-42df-5ae5-8ab2-ea9e109c027d,D2d v4,DZH318Z0D1L2,DZH318Z0D1L2/008R,Virtual Machines Ddv4 Series,D2d v4,Virtual Machines,DZH313Z7MMC8,Compute,1 Hour,Reservation,True,Standard_D2d_v4,3 Years
USD,0.0,0.113,0.113,westus2,US West 2,2020-06-01T00:00:00Z,e9e600a2-42df-5ae5-8ab2-ea9e109c027d,D2d v4,DZH318Z0D1L2,DZH318Z0D1L2/00BS,Virtual Machines Ddv4 Series,D2d v4,Virtual Machines,DZH313Z7MMC8,Compute,1 Hour,Consumption,True,Standard_D2d_v4,
USD,0.0,584.0,584.0,westus2,US West 2,2020-08-01T00:00:00Z,e9e600a2-42df-5ae5-8ab2-ea9e109c027d,D2d v4,DZH318Z0D1L2,DZH318Z0D1L2/009W,Virtual Machines Ddv4 Series,D2d v4,Virtual Machines,DZH313Z7MMC8,Compute,1 Hour,Reservation,True,Standard_D2d_v4,1 Year
USD,0.0,0.288,0.288,westus2,US West 2,2020-06-01T00:00:00Z,ebc96977-dfc4-5b6c-bfbc-e9474441e532,E4ds v4,DZH318Z0CSHK,DZH318Z0CSHK/00H8,Virtual Machines Edsv4 Series,E4ds v4,Virtual Machines,DZH313Z7MMC8,Compute,1 Hour,Consumption,True,Standard_E4ds_v4,
USD,0.0,1488.0,1488.0,westus2,US West 2,2020-06-01T00:00:00Z,ebc96977-dfc4-5b6c-bfbc-e9474441e532,E4ds v4,DZH318Z0CSHK,DZH318Z0CSHK/01CC,Virtual Machines Edsv4 Series,E4ds v4,Virtual Machines,DZH313Z7MMC8,Compute,1 Hour,Reservation,True,Standard_E4ds_v4,1 Year
USD,0.0,2876.0,2876.0,westus2,US West 2,2020-08-01T00:00:00Z,ebc96977-dfc4-5b6c-bfbc-e9474441e532,E4ds v4,DZH318Z0CSHK,DZH318Z0CSHK/0181,Virtual Machines Edsv4 Series,E4ds v4,Virtual Machines,DZH313Z7MMC8,Compute,1 Hour,Reservation,True,Standard_E4ds_v4,3 Years
USD,0.0,0.226,0.226,westus2,US West 2,2020-06-01T00:00:00Z,ebe35bbc-c53a-5584-b9e1-534200300160,D4ds v4,DZH318Z0CSHM,DZH318Z0CSHM/0069,Virtual Machines Ddsv4 Series,D4ds v4,Virtual Machines,DZH313Z7MMC8,Compute,1 Hour,Consumption,True,Standard_D4ds_v4,
USD,0.0,2257.0,2257.0,westus2,US West 2,2020-06-01T00:00:00Z,ebe35bbc-c53a-5584-b9e1-534200300160,D4ds v4,DZH318Z0CSHM,DZH318Z0CSHM/00JC,Virtual Machines Ddsv4 Series,D4ds v4,Virtual Machines,DZH313Z7MMC8,Compute,1 Hour,Reservation,True,Standard_D4ds_v4,3 Years
USD,0.0,1168.0,1168.0,westus2,US West 2,2020-08-01T00:00:00Z,ebe35bbc-c53a-5584-b9e1-534200300160,D4ds v4,DZH318Z0CSHM,DZH318Z0CSHM/00JB,Virtual Machines Ddsv4 Series,D4ds v4,Virtual Machines,DZH313Z7MMC8,Compute,1 Hour,Reservation,True,Standard_D4ds_v4,1 Year
USD,0.0,9.12,9.12,westus2,US West 2,2020-05-01T00:00:00Z,ec867fa5-28d0-5037-8805-56ff5735c66f,HB120rs v2,DZH318Z0CGPN,DZH318Z0CGPN/000C,Virtual Machines HBSv2 Series Windows,HB120rs v2,Virtual Machines,DZH313Z7MMC8,Compute,1 Hour,Consumption,True,Standard_HB120rs_v2,
USD,0.0,3.6,3.6,westus2,US West 2,2020-05-01T00:00:00Z,ec867fa5-28d0-5037-8805-56ff5735c66f,HB120rs v2,DZH318Z0CGPN,DZH318Z0CGPN/000C,Virtual Machines HBSv2 Series Windows,HB120rs v2,Virtual Machines,DZH313Z7MMC8,Compute,1 Hour,DevTestConsumption,True,Standard_HB120rs_v2,
USD,0.0,0.288,0.288,westus2,US West 2,2020-06-01T00:00:00Z,ef56c233-7c69-5bf3-80eb-d41387f07191,E4d v4,DZH318Z0D1L5,DZH318Z0D1L5/0064,Virtual Machines Edv4 Series,E4d v4,Virtual Machines,DZH313Z7MMC8,Compute,1 Hour,Consumption,True,Standard_E4d_v4,
USD,0.0,1488.0,1488.0,westus2,US West 2,2020-06-01T00:00:00Z,ef56c233-7c69-5bf3-80eb-d41387f07191,E4d v4,DZH318Z0D1L5,DZH318Z0D1L5/005Z,Virtual Machines Edv4 Series,E4d v4,Virtual Machines,DZH313Z7MMC8,Compute,1 Hour,Reservation,True,Standard_E4d_v4,1 Year
USD,0.0,2876.0,2876.0,westus2,US West 2,2020-08-01T00:00:00Z,ef56c233-7c69-5bf3-80eb-d41387f07191,E4d v4,DZH318Z0D1L5,DZH318Z0D1L5/0057,Virtual Machines Edv4 Series,E4d v4,Virtual Machines,DZH313Z7MMC8,Compute,1 Hour,Reservation,True,Standard_E4d_v4,3 Years
USD,0.0,0.0846,0.0846,westus2,US West 2,2020-03-01T00:00:00Z,f05e8d89-e8f1-4b98-b275-2b08a4bf3868,F2s v2,DZH318Z0BPWJ,DZH318Z0BPWJ/000D,Virtual Machines FSv2 Series Windows,F2s v2,Virtual Machines,DZH313Z7MMC8,Compute,1 Hour,DevTestConsumption,True,Standard_F2s_v2,
USD,0.0,0.163,0.163,westus2,US West 2,2020-03-01T00:00:00Z,f05e8d89-e8f1-4b98-b275-2b08a4bf3868,F2s v2,DZH318Z0BPWJ,DZH318Z0BPWJ/000D,Virtual Machines FSv2 Series Windows,F2s v2,Virtual Machines,DZH313Z7MMC8,Compute,1 Hour,Consumption,True,Standard_F2s_v2,
USD,0.0,0.576,0.576,westus2,US West 2,2020-06-01T00:00:00Z,f0b2552c-0b10-5363-ac4a-bfdf02a320a5,E8d v4,DZH318Z0D1LH,DZH318Z0D1LH/003Z,Virtual Machines Edv4 Series Windows,E8d v4,Virtual Machines,DZH313Z7MMC8,Compute,1 Hour,DevTestConsumption,True,Standard_E8d_v4,
USD,0.0,0.944,0.944,westus2,US West 2,2020-06-01T00:00:00Z,f0b2552c-0b10-5363-ac4a-bfdf02a320a5,E8d v4,DZH318Z0D1LH,DZH318Z0D1LH/003Z,Virtual Machines Edv4 Series Windows,E8d v4,Virtual Machines,DZH313Z7MMC8,Compute,1 Hour,Consumption,True,Standard_E8d_v4,
USD,0.0,1.353,1.353,westus2,US West 2,2020-03-01T00:00:00Z,f46be618-d22d-4071-adf6-640830e59952,F32s v2,DZH318Z0BPWJ,DZH318Z0BPWJ/0002,Virtual Machines FSv2 Series Windows,F32s v2,Virtual Machines,DZH313Z7MMC8,Compute,1 Hour,DevTestConsumption,True,Standard_F32s_v2,
USD,0.0,2.604,2.604,westus2,US West 2,2020-03-01T00:00:00Z,f46be618-d22d-4071-adf6-640830e59952,F32s v2,DZH318Z0BPWJ,DZH318Z0BPWJ/0002,Virtual Machines FSv2 Series Windows,F32s v2,Virtual Machines,DZH313Z7MMC8,Compute,1 Hour,Consumption,True,Standard_F32s_v2,
USD,0.0,3.6,3.6,westus2,US West 2,2020-05-01T00:00:00Z,f47a4d40-3cc5-532f-800c-80e9a9432509,HB120rs v2,DZH318Z0CGR8,DZH318Z0CGR8/000Q,Virtual Machines HBSv2 Series,HB120rs v2,Virtual Machines,DZH313Z7MMC8,Compute,1 Hour,Consumption,True,Standard_HB120rs_v2,
USD,0.0,52555.0,52555.0,westus2,US West 2,2020-06-01T00:00:00Z,f47a4d40-3cc5-532f-800c-80e9a9432509,HB120rs v2,DZH318Z0CGR8,DZH318Z0CGR8/0028,Virtual Machines HBSv2 Series,HB120rs v2,Virtual Machines,DZH313Z7MMC8,Compute,1 Hour,Reservation,True,Standard_HB120rs_v2,5 Years
USD,0.0,23652.0,23652.0,westus2,US West 2,2020-05-01T00:00:00Z,f47a4d40-3cc5-532f-800c-80e9a9432509,HB120rs v2,DZH318Z0CGR8,DZH318Z0CGR8/001B,Virtual Machines HBSv2 Series,HB120rs v2,Virtual Machines,DZH313Z7MMC8,Compute,1 Hour,Reservation,True,Standard_HB120rs_v2,1 Year
USD,0.0,47304.0,47304.0,westus2,US West 2,2020-05-01T00:00:00Z,f47a4d40-3cc5-532f-800c-80e9a9432509,HB120rs v2,DZH318Z0CGR8,DZH318Z0CGR8/0018,Virtual Machines HBSv2 Series,HB120rs v2,Virtual Machines,DZH313Z7MMC8,Compute,1 Hour,Reservation,True,Standard_HB120rs_v2,3 Years
USD,0.0,22923.0,22923.0,westus2,US West 2,2020-08-01T00:00:00Z,f6311145-fdc0-5be3-b7d7-23a4455515a0,Esv4 Type1,DZH318Z0DB0Z,DZH318Z0DB0Z/000J,ESv4 Series Dedicated Host,Esv4 Type1,Virtual Machines,DZH313Z7MMC8,Compute,1 Hour,Reservation,True,Esv4_Type1,1 Year
USD,0.0,4.435,4.435,westus2,US West 2,2020-08-01T00:00:00Z,f6311145-fdc0-5be3-b7d7-23a4455515a0,Esv4 Type1,DZH318Z0DB0Z,DZH318Z0DB0Z/0007,ESv4 Series Dedicated Host,Esv4 Type1,Virtual Machines,DZH313Z7MMC8,Compute,1 Hour,Consumption,True,Esv4_Type1,
USD,0.0,44292.0,44292.0,westus2,US West 2,2020-08-01T00:00:00Z,f6311145-fdc0-5be3-b7d7-23a4455515a0,Esv4 Type1,DZH318Z0DB0Z,DZH318Z0DB0Z/0009,ESv4 Series Dedicated Host,Esv4 Type1,Virtual Machines,DZH313Z7MMC8,Compute,1 Hour,Reservation,True,Esv4_Type1,3 Years
USD,0.0,2.706,2.706,westus2,US West 2,2020-03-01T00:00:00Z,fc4f4b23-cc85-4b88-b1fe-b7cb7b82247b,F64s v2,DZH318Z0BPWJ,DZH318Z0BPWJ/000F,Virtual Machines FSv2 Series Windows,F64s v2,Virtual Machines,DZH313Z7MMC8,Compute,1 Hour,DevTestConsumption,True,Standard_F64s_v2,
USD,0.0,5.209,5.209,westus2,US West 2,2020-03-01T00:00:00Z,fc4f4b23-cc85-4b88-b1fe-b7cb7b82247b,F64s v2,DZH318Z0BPWJ,DZH318Z0BPWJ/000F,Virtual Machines FSv2 Series Windows,F64s v2,Virtual Machines,DZH313Z7MMC8,Compute,1 Hour,Consumption,True,Standard_F64s_v2,
USD,0.0,1.44,1.44,westus2,US West 2,2020-06-01T00:00:00Z,fd43d36f-a292-53aa-83eb-d9fef8b8b70d,E20ds v4,DZH318Z0CSHB,DZH318Z0CSHB/001S,Virtual Machines Edsv4 Series Windows,E20ds v4,Virtual Machines,DZH313Z7MMC8,Compute,1 Hour,DevTestConsumption,True,Standard_E20ds_v4,
USD,0.0,2.36,2.36,westus2,US West 2,2020-06-01T00:00:00Z,fd43d36f-a292-53aa-83eb-d9fef8b8b70d,E20ds v4,DZH318Z0CSHB,DZH318Z0CSHB/001S,Virtual Machines Edsv4 Series Windows,E20ds v4,Virtual Machines,DZH313Z7MMC8,Compute,1 Hour,Consumption,True,Standard_E20ds_v4,
USD,0.0,2.304,2.304,westus2,US West 2,2020-06-01T00:00:00Z,fe8f4468-ae1c-5d17-a9c4-e46908e2874d,E32-16ds v4,DZH318Z0CSHK,DZH318Z0CSHK/00B3,Virtual Machines Edsv4 Series,E32-16ds v4,Virtual Machines,DZH313Z7MMC8,Compute,1 Hour,Consumption,True,Standard_E32-16ds_v4,
USD,0.0,23009.0,23009.0,westus2,US West 2,2020-08-01T00:00:00Z,fe8f4468-ae1c-5d17-a9c4-e46908e2874d,E32-16ds v4,DZH318Z0CSHK,DZH318Z0CSHK/0193,Virtual Machines Edsv4 Series,E32-16ds v4,Virtual Machines,DZH313Z7MMC8,Compute,1 Hour,Reservation,True,Standard_E32-16ds_v4,3 Years
USD,0.0,11908.0,11908.0,westus2,US West 2,2020-06-01T00:00:00Z,fe8f4468-ae1c-5d17-a9c4-e46908e2874d,E32-16ds v4,DZH318Z0CSHK,DZH318Z0CSHK/0196,Virtual Machines Edsv4 Series,E32-16ds v4,Virtual Machines,DZH313Z7MMC8,Compute,1 Hour,Reservation,True,Standard_E32-16ds_v4,1 Year
USD,0.0,4672.0,4672.0,westus2,US West 2,2020-08-01T00:00:00Z,fea81176-a1e3-56c2-b61e-eae050593e61,D16ds v4,DZH318Z0CSHM,DZH318Z0CSHM/00J7,Virtual Machines Ddsv4 Series,D16ds v4,Virtual Machines,DZH313Z7MMC8,Compute,1 Hour,Reservation,True,Standard_D16ds_v4,1 Year
USD,0.0,9028.0,9028.0,westus2,US West 2,2020-06-01T00:00:00Z,fea81176-a1e3-56c2-b61e-eae050593e61,D16ds v4,DZH318Z0CSHM,DZH318Z0CSHM/00J3,Virtual Machines Ddsv4 Series,D16ds v4,Virtual Machines,DZH313Z7MMC8,Compute,1 Hour,Reservation,True,Standard_D16ds_v4,3 Years
USD,0.0,0.904,0.904,westus2,US West 2,2020-06-01T00:00:00Z,fea81176-a1e3-56c2-b61e-eae050593e61,D16ds v4,DZH318Z0CSHM,DZH318Z0CSHM/0052,Virtual Machines Ddsv4 Series,D16ds v4,Virtual Machines,DZH313Z7MMC8,Compute,1 Hour,Consumption,True,Standard_D16ds_v4,
